stock_code,description,in_stock
85123A,WHITE HANGING HEART T-LIGHT HOLDER,1
22423,REGENCY CAKESTAND 3 TIER,1
85099B,JUMBO BAG RED RETROSPOT,1
47566,PARTY BUNTING,1
20725,LUNCH BAG RED RETROSPOT,1
84879,ASSORTED COLOUR BIRD ORNAMENT,1
22720,SET OF 3 CAKE TINS PANTRY DESIGN ,1
22197,SMALL POPCORN HOLDER,1
21212,PACK OF 72 RETROSPOT CAKE CASES,1
20727,LUNCH BAG  BLACK SKULL.,1
22383,LUNCH BAG SUKI  DESIGN ,1
22457,NATURAL SLATE HEART CHALKBOARD ,1
23203,mailout,1
POST,POSTAGE,1
22386,JUMBO BAG PINK POLKADOT,1
22469,HEART OF WICKER SMALL,1
22960,JAM MAKING SET WITH JARS,1
21931,JUMBO STORAGE BAG SUKI,1
22086,PAPER CHAIN KIT 50'S CHRISTMAS ,1
22411,JUMBO SHOPPER VINTAGE RED PAISLEY,1
20728,LUNCH BAG CARS BLUE,1
22382,LUNCH BAG SPACEBOY DESIGN ,1
22961,JAM MAKING SET PRINTED,1
22666,RECIPE BOX PANTRY YELLOW DESIGN,1
23298,SPOTTY BUNTING,1
22699,ROSES REGENCY TEACUP AND SAUCER ,1
22384,LUNCH BAG PINK POLKADOT,1
23209,mailout,1
82482,WOODEN PICTURE FRAME WHITE FINISH,1
22993,SET OF 4 PANTRY JELLY MOULDS,1
22727,ALARM CLOCK BAKELIKE RED ,1
22697,GREEN REGENCY TEACUP AND SAUCER,1
23206,LUNCH BAG APPLE DESIGN,1
22178,VICTORIAN GLASS HANGING T-LIGHT,1
20724,RED RETROSPOT CHARLOTTE BAG,1
23084,RABBIT NIGHT LIGHT,1
20726,LUNCH BAG WOODLAND,1
22726,ALARM CLOCK BAKELIKE GREEN,1
21080,SET/20 RED RETROSPOT PAPER NAPKINS ,1
23199,JUMBO BAG APPLES,1
22139,RETROSPOT TEA SET CERAMIC 11 PC ,1
22077,6 RIBBONS RUSTIC CHARM,1
22138,BAKING SET 9 PIECE RETROSPOT ,1
21034,REX CASH+CARRY JUMBO SHOPPER,1
22470,HEART OF WICKER LARGE,1
85099C,JUMBO  BAG BAROQUE BLACK WHITE,1
84946,ANTIQUE SILVER TEA GLASS ETCHED,1
21790,VINTAGE SNAP CARDS,1
82494L,WOODEN FRAME ANTIQUE WHITE ,1
20914,SET/5 RED RETROSPOT LID GLASS BOWLS,1
23301,GARDENERS KNEELING PAD KEEP CALM ,1
23201,JUMBO BAG ALPHABET,1
22629,SPACEBOY LUNCH BOX ,1
23245,SET OF 3 REGENCY CAKE TINS,1
22355,CHARLOTTE BAG SUKI DESIGN,1
21232,STRAWBERRY CERAMIC TRINKET BOX,1
21977,PACK OF 60 PINK PAISLEY CAKE CASES,1
23202,mailout,1
22112,CHOCOLATE HOT WATER BOTTLE,1
21929,JUMBO BAG PINK VINTAGE PAISLEY,1
21181,PLEASE ONE PERSON METAL SIGN,1
22630,DOLLY GIRL LUNCH BOX,1
20712,JUMBO BAG WOODLAND ANIMALS,1
21731,RED TOADSTOOL LED NIGHT LIGHT,1
22722,SET OF 6 SPICE TINS PANTRY DESIGN,1
84991,60 TEATIME FAIRY CAKE CASES,1
20719,WOODLAND CHARLOTTE BAG,1
22910,PAPER CHAIN KIT VINTAGE CHRISTMAS,1
85099F,JUMBO BAG STRAWBERRY,1
22698,PINK REGENCY TEACUP AND SAUCER,1
21175,GIN + TONIC DIET METAL SIGN,1
21928,JUMBO BAG SCANDINAVIAN PAISLEY,1
23355,HOT WATER BOTTLE KEEP CALM,1
22090,PAPER BUNTING RETROSPOT,1
22728,ALARM CLOCK BAKELIKE PINK,1
21754,HOME BUILDING BLOCK WORD,1
22111,SCOTTIE DOG HOT WATER BOTTLE,1
22558,CLOTHES PEGS RETROSPOT PACK 24 ,1
23207,LUNCH BAG ALPHABET DESIGN,1
23300,GARDENERS KNEELING PAD CUP OF TEA ,1
22356,CHARLOTTE BAG PINK POLKADOT,1
21733,RED HANGING HEART T-LIGHT HOLDER,1
84978,HANGING HEART JAR T-LIGHT HOLDER,1
22326,ROUND SNACK BOXES SET OF4 WOODLAND ,1
22379,RECYCLING BAG RETROSPOT ,1
22659,LUNCH BOX I LOVE LONDON,1
21166,COOK WITH WINE METAL SIGN ,1
23284,DOORMAT KEEP CALM AND COME IN,1
20723,STRAWBERRY CHARLOTTE BAG,1
22624,IVORY KITCHEN SCALES,1
23344,JUMBO BAG 50'S CHRISTMAS ,1
22467,GUMBALL COAT RACK,1
22554,PLASTERS IN TIN WOODLAND ANIMALS,1
21930,JUMBO STORAGE BAG SKULLS,1
DOT,DOTCOM POSTAGE,1
22907,PACK OF 20 NAPKINS PANTRY DESIGN,1
84380,SET OF 3 BUTTERFLY COOKIE CUTTERS,1
20685,DOORMAT RED RETROSPOT,1
22662,LUNCH BAG DOLLY GIRL DESIGN,1
22385,JUMBO BAG SPACEBOY DESIGN,1
84378,SET OF 3 HEART COOKIE CUTTERS,1
82484,WOOD BLACK BOARD ANT WHITE FINISH,1
22551,PLASTERS IN TIN SPACEBOY,1
22966,GINGERBREAD MAN COOKIE CUTTER,1
23208,LUNCH BAG VINTAGE LEAF DESIGN,1
22865,HAND WARMER OWL DESIGN,1
85152,HAND OVER THE CHOCOLATE   SIGN ,1
20713,JUMBO BAG OWLS,1
79321,CHILLI LIGHTS,1
22835,HOT WATER BOTTLE I AM SO POORLY,1
21213,PACK OF 72 SKULL CAKE CASES,1
21915,RED  HARMONICA IN BOX ,1
22114,HOT WATER BOTTLE TEA AND SYMPATHY,1
23307,SET OF 60 PANTRY DESIGN CAKE CASES ,1
23321,SMALL WHITE HEART OF WICKER,1
21755,LOVE BUILDING BLOCK WORD,1
22969,HOMEMADE JAM SCENTED CANDLES,1
21485,RETROSPOT HEART HOT WATER BOTTLE,1
22952,60 CAKE CASES VINTAGE CHRISTMAS,1
82583,HOT BATHS METAL SIGN,1
84992,72 SWEETHEART FAIRY CAKE CASES,1
21975,PACK OF 60 DINOSAUR CAKE CASES,1
82580,BATHROOM METAL SIGN,1
84755,COLOUR GLASS T-LIGHT HOLDER HANGING,1
22909,SET OF 20 VINTAGE CHRISTMAS NAPKINS,1
82486,WOOD S/3 CABINET ANT WHITE FINISH,1
20972,PINK CREAM FELT CRAFT TRINKET BOX ,1
48138,DOORMAT UNION FLAG,1
22621,TRADITIONAL KNITTING NANCY,1
22083,PAPER CHAIN KIT RETROSPOT,1
21791,VINTAGE HEADS AND TAILS CARD GAME ,1
21914,BLUE HARMONICA IN BOX ,1
22328,ROUND SNACK BOXES SET OF 4 FRUITS ,1
23200,mailout ,1
48187,DOORMAT NEW ENGLAND,1
21889,WOODEN BOX OF DOMINOES,1
82483,WOOD 2 DRAWER CABINET WHITE FINISH,1
84692,BOX OF 24 COCKTAIL PARASOLS,1
48194,DOORMAT HEARTS,1
21559,STRAWBERRY LUNCH BOX WITH CUTLERY,1
22113,GREY HEART HOT WATER BOTTLE,1
22730,ALARM CLOCK BAKELIKE IVORY,1
23204,CHARLOTTE BAG APPLES DESIGN,1
23322,LARGE WHITE HEART OF WICKER,1
22553,PLASTERS IN TIN SKULLS,1
22556,PLASTERS IN TIN CIRCUS PARADE ,1
22866,HAND WARMER SCOTTY DOG DESIGN,1
22557,PLASTERS IN TIN VINTAGE PAISLEY ,1
20718,RED RETROSPOT SHOPPER BAG,1
21314,SMALL GLASS HEART TRINKET POT,1
21843,RED RETROSPOT CAKE STAND,1
22776,SWEETHEART CAKESTAND 3 TIER,1
22625,RED KITCHEN SCALES,1
22867,HAND WARMER BIRD DESIGN,1
22367,CHILDRENS APRON SPACEBOY DESIGN,1
22149,FELTCRAFT 6 FLOWER FRIENDS,1
M,Manual,1
23240,SET OF 4 KNICK KNACK TINS DOILEY ,1
23293,SET OF 12 FAIRY CAKE BAKING CASES,1
22900, SET 2 TEA TOWELS I LOVE LONDON ,1
22144,CHRISTMAS CRAFT LITTLE FRIENDS,1
22219,LOVEBIRD HANGING DECORATION WHITE ,1
22577,WOODEN HEART CHRISTMAS SCANDINAVIAN,1
22998,TRAVEL CARD WALLET KEEP CALM,1
82600,NO SINGING METAL SIGN,1
85066,CREAM SWEETHEART MINI CHEST,1
84836,ZINC METAL HEART DECORATION,1
21174,POTTERING IN THE SHED METAL SIGN,1
84970S,HANGING HEART ZINC T-LIGHT HOLDER,1
21936,RED RETROSPOT PICNIC BAG,1
21231,SWEETHEART CERAMIC TRINKET BOX,1
84077,WORLD WAR 2 GLIDERS ASSTD DESIGNS,1
84596B,SMALL DOLLY MIX DESIGN ORANGE BOWL,1
20971,PINK BLUE FELT CRAFT TRINKET BOX,1
22189,CREAM HEART CARD HOLDER,1
22578,WOODEN STAR CHRISTMAS SCANDINAVIAN,1
22417,PACK OF 60 SPACEBOY CAKE CASES,1
22555,PLASTERS IN TIN STRONGMAN,1
20711,JUMBO BAG TOYS ,1
22766,PHOTO FRAME CORNICE,1
84375,SET OF 20 KIDS COOKIE CUTTERS,1
21094,SET/6 RED SPOTTY PAPER PLATES,1
21935,SUKI  SHOULDER BAG,1
22616,PACK OF 12 LONDON TISSUES ,1
22029,SPACEBOY BIRTHDAY CARD,1
22427,ENAMEL FLOWER JUG CREAM,1
15036,ASSORTED COLOURS SILK FAN,1
21479,WHITE SKULL HOT WATER BOTTLE ,1
22633,HAND WARMER UNION JACK,1
84988,SET OF 72 PINK HEART PAPER DOILIES,1
21481,FAWN BLUE HOT WATER BOTTLE,1
22456,NATURAL SLATE CHALKBOARD LARGE ,1
22173,METAL 4 HOOK HANGER FRENCH CHATEAU,1
23243,SET OF TEA COFFEE SUGAR TINS PANTRY,1
22147,FELTCRAFT BUTTERFLY HEARTS,1
21523,DOORMAT FANCY FONT HOME SWEET HOME,1
21155,RED RETROSPOT PEG BAG,1
23198,PANTRY MAGNETIC  SHOPPING LIST,1
23356,LOVE HOT WATER BOTTLE,1
23343,JUMBO BAG VINTAGE CHRISTMAS ,1
22667,RECIPE BOX RETROSPOT ,1
22352,LUNCH BOX WITH CUTLERY RETROSPOT ,1
22620,4 TRADITIONAL SPINNING TOPS,1
22804,CANDLEHOLDER PINK HANGING HEART,1
21621,VINTAGE UNION JACK BUNTING,1
21430,SET/3 RED GINGHAM ROSE STORAGE BOX,1
23263,SET OF 3 WOODEN HEART DECORATIONS,1
22568,FELTCRAFT CUSHION OWL,1
22196,SMALL HEART MEASURING SPOONS,1
21524,DOORMAT SPOTTY HOME SWEET HOME,1
85150,LADIES & GENTLEMEN METAL SIGN,1
22502,PICNIC BASKET WICKER SMALL,1
22617,BAKING SET SPACEBOY DESIGN,1
21172,PARTY METAL SIGN ,1
22150,3 STRIPEY MICE FELTCRAFT,1
22381,TOY TIDY PINK POLKADOT,1
84997D,PINK 3 PIECE POLKADOT CUTLERY SET,1
23205,CHARLOTTE BAG VINTAGE ALPHABET ,1
22652,TRAVEL SEWING KIT,1
22595,CHRISTMAS GINGHAM HEART,1
21908,CHOCOLATE THIS WAY METAL SIGN,1
35970,ZINC FOLKART SLEIGH BELLS,1
84347,ROTATING SILVER ANGELS T-LIGHT HLDR,1
84029G,KNITTED UNION FLAG HOT WATER BOTTLE,1
22729,ALARM CLOCK BAKELIKE ORANGE,1
22501,PICNIC BASKET WICKER LARGE,1
22424,ENAMEL BREAD BIN CREAM,1
22141,CHRISTMAS CRAFT TREE TOP ANGEL,1
22193,RED DINER WALL CLOCK,1
21169,YOU'RE CONFUSING ME METAL SIGN ,1
22749,FELTCRAFT PRINCESS CHARLOTTE DOLL,1
15056N,EDWARDIAN PARASOL NATURAL,1
22507,MEMO BOARD RETROSPOT  DESIGN,1
21210,SET OF 72 RETROSPOT PAPER  DOILIES,1
21154,RED RETROSPOT OVEN GLOVE ,1
84970L,SINGLE HEART ZINC T-LIGHT HOLDER,1
21165,BEWARE OF THE CAT METAL SIGN ,1
23295,SET OF 12 MINI LOAF BAKING CASES,1
20676,RED RETROSPOT BOWL,1
22771,CLEAR DRAWER KNOB ACRYLIC EDWARDIAN,1
22951,60 CAKE CASES DOLLY GIRL DESIGN,1
21668,RED STRIPE CERAMIC DRAWER KNOB,1
23170,REGENCY TEA PLATE ROSES ,1
22084,PAPER CHAIN KIT EMPIRE,1
21932,SCANDINAVIAN PAISLEY PICNIC BAG,1
22619,SET OF 6 SOLDIER SKITTLES,1
22663,JUMBO BAG DOLLY GIRL DESIGN,1
21992,VINTAGE PAISLEY STATIONERY SET,1
22725,ALARM CLOCK BAKELIKE CHOCOLATE,1
84029E,RED WOOLLY HOTTIE WHITE HEART.,1
21891,TRADITIONAL WOODEN SKIPPING ROPE,1
71459,HANGING JAM JAR T-LIGHT HOLDER,1
22692,DOORMAT WELCOME TO OUR HOME,1
84596F,SMALL MARSHMALLOWS PINK BOWL,1
23182,TOILET SIGN OCCUPIED OR VACANT,1
22748,POPPY'S PLAYHOUSE KITCHEN,1
21669,BLUE STRIPE CERAMIC DRAWER KNOB,1
22489,PACK OF 12 TRADITIONAL CRAYONS,1
22561,WOODEN SCHOOL COLOURING SET,1
21216,"SET 3 RETROSPOT TEA,COFFEE,SUGAR",1
22983,CARD BILLBOARD FONT,1
22487,WHITE WOOD GARDEN PLANT LADDER,1
22734,SET OF 6 RIBBONS VINTAGE CHRISTMAS,1
47591D,PINK FAIRY CAKE CHILDRENS APRON,1
82582,AREA PATROLLED METAL SIGN,1
22759,SET OF 3 NOTEBOOKS IN PARCEL,1
22988,SOLDIERS EGG CUP ,1
22191,IVORY DINER WALL CLOCK,1
21086,SET/6 RED SPOTTY PAPER CUPS,1
23173,REGENCY TEAPOT ROSES ,1
22745,POPPY'S PLAYHOUSE BEDROOM ,1
23309,SET OF 60 I LOVE LONDON CAKE CASES ,1
21985,PACK OF 12 HEARTS DESIGN TISSUES ,1
21993,FLORAL FOLK STATIONERY SET,1
23493,VINTAGE DOILY TRAVEL SEWING KIT,1
22082,RIBBON REEL STRIPES DESIGN ,1
22844,VINTAGE CREAM DOG FOOD CONTAINER,1
22750,FELTCRAFT PRINCESS LOLA DOLL,1
22488,NATURAL SLATE RECTANGLE CHALKBOARD,1
21558,SKULL LUNCH BOX WITH CUTLERY ,1
21672,WHITE SPOT RED CERAMIC DRAWER KNOB,1
22661,CHARLOTTE BAG DOLLY GIRL DESIGN,1
21933,PINK VINTAGE PAISLEY PICNIC BAG,1
23319,BOX OF 6 MINI 50'S CRACKERS,1
23439,HAND WARMER RED LOVE HEART,1
21892,TRADITIONAL WOODEN CATCH CUP GAME ,1
21484,CHICK GREY HOT WATER BOTTLE,1
85049E,SCANDINAVIAN REDS RIBBONS,1
22413,METAL SIGN TAKE IT OR LEAVE IT ,1
22996,TRAVEL CARD WALLET VINTAGE TICKET,1
20717,STRAWBERRY SHOPPER BAG,1
22585,PACK OF 6 BIRDY GIFT TAGS,1
22694,WICKER STAR ,1
22212,FOUR HOOK  WHITE LOVEBIRDS,1
23328,SET 6 SCHOOL MILK BOTTLES IN CRATE,1
48184,DOORMAT ENGLISH ROSE ,1
22632,HAND WARMER RED POLKA DOT,1
23313,VINTAGE CHRISTMAS BUNTING,1
21934,SKULL SHOULDER BAG,1
22371,AIRLINE BAG VINTAGE TOKYO 78,1
22499,WOODEN UNION JACK BUNTING,1
22631,CIRCUS PARADE LUNCH BOX ,1
82581,TOILET METAL SIGN,1
22847,BREAD BIN DINER STYLE IVORY,1
21218,RED SPOTTY BISCUIT TIN,1
21976,PACK OF 60 MUSHROOM CAKE CASES,1
22646,CERAMIC STRAWBERRY CAKE MONEY BANK,1
22171,3 HOOK PHOTO SHELF ANTIQUE WHITE,1
21035,SET/2 RED RETROSPOT TEA TOWELS ,1
22570,FELTCRAFT CUSHION RABBIT,1
22429,ENAMEL MEASURING JUG CREAM,1
47590B,PINK HAPPY BIRTHDAY BUNTING,1
21912,VINTAGE SNAKES & LADDERS,1
21238,RED RETROSPOT CUP,1
22979,PANTRY WASHING UP BRUSH,1
20749,ASSORTED COLOUR MINI CASES,1
47590A,BLUE HAPPY BIRTHDAY BUNTING,1
23308,SET OF 60 VINTAGE LEAF CAKE CASES ,1
22142,CHRISTMAS CRAFT WHITE FAIRY ,1
23108,SET OF 10 LED DOLLY LIGHTS,1
21121,SET/10 RED POLKADOT PARTY CANDLES,1
21770,OPEN CLOSED METAL SIGN,1
22964,3 PIECE SPACEBOY COOKIE CUTTER SET,1
20750,RED RETROSPOT MINI CASES,1
22560,TRADITIONAL MODELLING CLAY,1
23318,BOX OF 6 MINI VINTAGE CRACKERS,1
22492,MINI PAINT SET VINTAGE ,1
22169,FAMILY ALBUM WHITE PICTURE FRAME,1
21670,BLUE SPOT CERAMIC DRAWER KNOB,1
22752,SET 7 BABUSHKA NESTING BOXES,1
22297,HEART IVORY TRELLIS SMALL,1
21888,BINGO SET,1
22908,PACK OF 20 NAPKINS RED APPLES,1
23296,SET OF 6 TEA TIME BAKING CASES,1
21671,RED SPOT CERAMIC DRAWER KNOB,1
23171,REGENCY TEA PLATE GREEN ,1
22834,HAND WARMER BABUSHKA DESIGN,1
21673,WHITE SPOT BLUE CERAMIC DRAWER KNOB,1
23103,BELL HEART DECORATION,1
21137,BLACK RECORD COVER FRAME,1
21136,PAINTED METAL PEARS ASSORTED,1
22989,SET 2 PANTRY DESIGN TEA TOWELS,1
22195,LARGE HEART MEASURING SPOONS,1
22627,MINT KITCHEN SCALES,1
23256,CHILDRENS CUTLERY SPACEBOY ,1
21900,"KEY FOB , SHED",1
47566B,TEA TIME PARTY BUNTING,1
23241,TREASURE TIN GYMKHANA DESIGN,1
20975,12 PENCILS SMALL TUBE RED RETROSPOT,1
21918,SET 12 KIDS COLOUR  CHALK STICKS,1
84997B,RED 3 PIECE RETROSPOT CUTLERY SET,1
21990,MODERN FLORAL STATIONERY SET,1
22795,SWEETHEART RECIPE BOOK STAND,1
20973,12 PENCIL SMALL TUBE WOODLAND,1
21871,SAVE THE PLANET MUG,1
22192,BLUE DINER WALL CLOCK,1
21907,I'M ON HOLIDAY METAL SIGN,1
48185,DOORMAT FAIRY CAKE,1
84945,MULTI COLOUR SILVER T-LIGHT HOLDER,1
21982,PACK OF 12 SUKI TISSUES ,1
22665,RECIPE BOX BLUE SKETCHBOOK DESIGN,1
22898,CHILDRENS APRON APPLES DESIGN,1
22464,HANGING METAL HEART LANTERN,1
82552,WASHROOM METAL SIGN,1
84947,ANTIQUE SILVER TEA GLASS ENGRAVED,1
20974,12 PENCILS SMALL TUBE SKULL,1
21877,HOME SWEET HOME MUG,1
21535,,1
21156,RETROSPOT CHILDRENS APRON,1
22041,"RECORD FRAME 7"" SINGLE SIZE ",1
22027,TEA PARTY BIRTHDAY CARD,1
23294,SET OF 6 SNACK LOAF BAKING CASES,1
21916,SET 12 RETRO WHITE CHALK STICKS,1
21974,SET OF 36 PAISLEY FLOWER DOILIES,1
22992,REVOLVER WOODEN RULER ,1
22962,JAM JAR WITH PINK LID,1
22607,WOODEN ROUNDERS GARDEN SET ,1
22348,TEA BAG PLATE RED RETROSPOT,1
23351,ROLL WRAP 50'S CHRISTMAS,1
22549,PICTURE DOMINOES,1
22851,SET 20 NAPKINS FAIRY CAKES DESIGN ,1
22645,CERAMIC HEART FAIRY CAKE MONEY BANK,1
22161,HEART DECORATION RUSTIC HANGING ,1
22791,T-LIGHT GLASS FLUTED ANTIQUE,1
21533,RETROSPOT LARGE MILK JUG,1
23168,CLASSIC SUGAR DISPENSER,1
22569,FELTCRAFT CUSHION BUTTERFLY,1
22037,ROBOT BIRTHDAY CARD,1
23192,BUNDLE OF 3 ALPHABET EXERCISE BOOKS,1
22637,PIGGY BANK RETROSPOT ,1
21122,SET/10 PINK POLKADOT PARTY CANDLES,1
82551,LAUNDRY 15C METAL SIGN,1
71477,COLOUR GLASS. STAR T-LIGHT HOLDER,1
23236,DOILEY STORAGE TIN,1
71053,WHITE METAL LANTERN,1
85014B,RED RETROSPOT UMBRELLA,1
21326,AGED GLASS SILVER T-LIGHT HOLDER,1
22579,WOODEN TREE CHRISTMAS SCANDINAVIAN,1
23581,JUMBO BAG PAISLEY PARK,1
21328,BALLOONS  WRITING SET ,1
23169,CLASSIC GLASS SWEET JAR,1
21217,RED RETROSPOT ROUND CAKE TINS,1
22668,PINK BABY BUNTING,1
23311,VINTAGE CHRISTMAS STOCKING ,1
23349,ROLL WRAP VINTAGE CHRISTMAS,1
23077,DOUGHNUT LIP GLOSS ,1
23503,PLAYING CARDS KEEP CALM & CARRY ON,1
84030E,ENGLISH ROSE HOT WATER BOTTLE,1
22087,PAPER BUNTING WHITE LACE,1
84536A,ENGLISH ROSE NOTEBOOK A7 SIZE,1
23320,GIANT 50'S CHRISTMAS CRACKER,1
22654,DELUXE SEWING KIT ,1
20979,36 PENCILS TUBE RED RETROSPOT,1
22151,PLACE SETTING WHITE HEART,1
21876,POTTERING MUG,1
23175,REGENCY MILK JUG PINK ,1
23275,SET OF 3 HANGING OWLS OLLIE BEAK,1
22273,FELTCRAFT DOLL MOLLY,1
85053,FRENCH ENAMEL CANDLEHOLDER,1
22431,WATERING CAN BLUE ELEPHANT,1
23266,SET OF 3 WOODEN STOCKING DECORATION,1
21989,PACK OF 20 SKULL PAPER NAPKINS,1
23174,REGENCY SUGAR BOWL GREEN,1
23188,VINTAGE  2 METER FOLDING RULER,1
20677,PINK POLKADOT BOWL,1
84997C,BLUE 3 PIECE POLKADOT CUTLERY SET,1
22940,FELTCRAFT CHRISTMAS FAIRY,1
21498,RED RETROSPOT WRAP ,1
84987,SET OF 36 TEATIME PAPER DOILIES,1
23583,LUNCH BAG PAISLEY PARK  ,1
22784,LANTERN CREAM GAZEBO ,1
23353,6 GIFT TAGS VINTAGE CHRISTMAS ,1
22746,POPPY'S PLAYHOUSE LIVINGROOM ,1
23354,6 GIFT TAGS 50'S CHRISTMAS ,1
22333,RETROSPOT PARTY BAG + STICKER SET,1
21240,BLUE POLKADOT CUP,1
22079,RIBBON REEL HEARTS DESIGN ,1
22941,CHRISTMAS LIGHTS 10 REINDEER,1
22296,HEART IVORY TRELLIS LARGE,1
85049A,TRADITIONAL CHRISTMAS RIBBONS,1
22174,PHOTO CUBE,1
21385,IVORY HANGING DECORATION  HEART,1
20679,EDWARDIAN PARASOL RED,1
84949,SILVER HANGING T-LIGHT HOLDER,1
22970,LONDON BUS COFFEE MUG,1
21506,"FANCY FONT BIRTHDAY CARD, ",1
22418,10 COLOUR SPACEBOY PEN,1
22739,RIBBON REEL CHRISTMAS SOCK BAUBLE,1
22845,VINTAGE CREAM CAT FOOD CONTAINER,1
20675,BLUE POLKADOT BOWL,1
15056BL,EDWARDIAN PARASOL BLACK,1
22158,3 HEARTS HANGING DECORATION RUSTIC,1
22963,JAM JAR WITH GREEN LID,1
21494,ROTATING LEAVES T-LIGHT HOLDER,1
21868,POTTING SHED TEA MUG,1
22505,MEMO BOARD COTTAGE DESIGN,1
22899,CHILDREN'S APRON DOLLY GIRL ,1
22712,CARD DOLLY GIRL ,1
21901,"KEY FOB , BACK DOOR ",1
23247,BISCUIT TIN 50'S CHRISTMAS,1
21078,SET/20 STRAWBERRY PAPER NAPKINS ,1
23265,SET OF 3 WOODEN TREE DECORATIONS,1
84032A,CHARLIE+LOLA PINK HOT WATER BOTTLE,1
23264,SET OF 3 WOODEN SLEIGH DECORATIONS,1
22294,HEART FILIGREE DOVE  SMALL,1
23350,ROLL WRAP VINTAGE SPOT ,1
23254,CHILDRENS CUTLERY DOLLY GIRL ,1
23172,REGENCY TEA PLATE PINK,1
21239,PINK  POLKADOT CUP,1
23082,SET 6 PAPER TABLE LANTERN HEARTS ,1
23196,RETRO LEAVES MAGNETIC NOTEPAD,1
21242,RED RETROSPOT PLATE ,1
22271,FELTCRAFT DOLL ROSIE,1
20969,RED FLORAL FELTCRAFT SHOULDER BAG,1
82578,KITCHEN METAL SIGN,1
20754,RETROSPOT RED WASHING UP GLOVES,1
23323,WHITE WICKER STAR ,1
21033,JUMBO BAG CHARLIE AND LOLA TOYS,1
22109,FULL ENGLISH BREAKFAST PLATE,1
22605,WOODEN CROQUET GARDEN SET,1
22693,GROW A FLYTRAP OR SUNFLOWER IN TIN,1
22327,ROUND SNACK BOXES SET OF 4 SKULLS,1
22670,FRENCH WC SIGN BLUE METAL,1
21429,RED GINGHAM ROSE JEWELLERY BOX,1
22723,SET OF 6 HERB TINS SKETCHBOOK,1
22508,DOORSTOP RETROSPOT HEART,1
21874,GIN AND TONIC MUG,1
21703,BAG 125g SWIRLY MARBLES,1
23126,DOLLCRAFT GIRL AMELIE KIT,1
23165,LARGE CERAMIC TOP STORAGE JAR,1
21980,PACK OF 12 RED RETROSPOT TISSUES ,1
22227,HANGING HEART MIRROR DECORATION ,1
72741,GRAND CHOCOLATECANDLE,1
22131,FOOD CONTAINER SET 3 LOVE HEART ,1
22980,PANTRY SCRUBBING BRUSH,1
23332,IVORY WICKER HEART LARGE,1
21340,CLASSIC METAL BIRDCAGE PLANT HOLDER,1
22721,SET OF 3 CAKE TINS SKETCHBOOK,1
22179,SET 10 LIGHTS NIGHT OWL,1
16237,SLEEPING CAT ERASERS,1
22380,TOY TIDY SPACEBOY  ,1
84406B,CREAM CUPID HEARTS COAT HANGER,1
21259,VICTORIAN SEWING BOX SMALL ,1
22378,WALL TIDY RETROSPOT ,1
22846,BREAD BIN DINER STYLE RED ,1
22751,FELTCRAFT PRINCESS OLIVIA DOLL,1
47559B,TEA TIME OVEN GLOVE,1
22896,PEG BAG APPLES DESIGN,1
23191,BUNDLE OF 3 RETRO NOTE BOOKS,1
82567,"AIRLINE LOUNGE,METAL SIGN",1
20992,JAZZ HEARTS PURSE NOTEBOOK,1
21380,WOODEN HAPPY BIRTHDAY GARLAND,1
22208,WOOD STAMP SET THANK YOU,1
22690,DOORMAT HOME SWEET HOME BLUE ,1
23238,SET OF 4 KNICK KNACK TINS LONDON ,1
23570,TRADITIONAL PICK UP STICKS GAME ,1
22895,SET OF 2 TEA TOWELS APPLE AND PEARS,1
22563,HAPPY STENCIL CRAFT,1
21329,DINOSAURS  WRITING SET ,1
48188,DOORMAT WELCOME PUPPIES,1
22110,BIRD HOUSE HOT WATER BOTTLE,1
21899,"KEY FOB , GARAGE DESIGN",1
22817,CARD SUKI BIRTHDAY,1
23367,SET 12 COLOUR PENCILS SPACEBOY ,1
22716,CARD CIRCUS PARADE,1
22840,ROUND CAKE TIN VINTAGE RED,1
22768,FAMILY PHOTO FRAME CORNICE,1
22432,WATERING CAN PINK BUNNY,1
21164,HOME SWEET HOME METAL SIGN ,1
20983,12 PENCILS TALL TUBE RED RETROSPOT,1
22991,GIRAFFE WOODEN RULER,1
23234,BISCUIT TIN VINTAGE CHRISTMAS,1
21756,BATH BUILDING BLOCK WORD,1
22798,ANTIQUE GLASS DRESSING TABLE POT,1
85048,15CM CHRISTMAS GLASS BALL 20 LIGHTS,1
23000,TRAVEL CARD WALLET TRANSPORT,1
23110,PARISIENNE KEY CABINET ,1
23306,SET OF 36 DOILIES PANTRY DESIGN,1
22644,CERAMIC CHERRY CAKE MONEY BANK,1
22738,RIBBON REEL SNOWY VILLAGE,1
22602,CHRISTMAS RETROSPOT HEART WOOD,1
22419,LIPSTICK PEN RED,1
85014A,BLACK/BLUE POLKADOT UMBRELLA,1
23076,ICE CREAM SUNDAE LIP GLOSS,1
22904,CALENDAR PAPER CUT DESIGN,1
22361,GLASS JAR DAISY FRESH COTTON WOOL,1
22971,QUEENS GUARD COFFEE MUG,1
23052,RECYCLED ACAPULCO MAT TURQUOISE,1
22030,SWALLOWS GREETING CARD,1
23177,TREASURE ISLAND BOOK BOX,1
23144,ZINC T-LIGHT HOLDER STARS SMALL,1
23118,PARISIENNE JEWELLERY DRAWER ,1
23109,LED TEA LIGHTS,1
85049G,CHOCOLATE BOX RIBBONS ,1
21179,NO JUNK MAIL METAL SIGN,1
21981,PACK OF 12 WOODLAND TISSUES ,1
22435,SET OF 9 HEART SHAPED BALLOONS,1
22274,FELTCRAFT DOLL EMILY,1
22156,HEART DECORATION WITH PEARLS ,1
22089,PAPER BUNTING VINTAGE PAISLEY,1
21098,CHRISTMAS TOILET ROLL,1
85199S,SMALL HANGING IVORY/RED WOOD BIRD,1
84832,ZINC WILLIE WINKIE  CANDLE STICK,1
21509,COWBOYS AND INDIANS BIRTHDAY CARD ,1
22596,CHRISTMAS STAR WISH LIST CHALKBOARD,1
22303,COFFEE MUG APPLES DESIGN,1
22995,TRAVEL CARD WALLET SUKI,1
22622,BOX OF VINTAGE ALPHABET BLOCKS,1
23147,SINGLE ANTIQUE ROSE HOOK IVORY,1
21810,CHRISTMAS HANGING STAR WITH BELL,1
22816,CARD MOTORBIKE SANTA,1
23080,RED METAL BOX TOP SECRET,1
21108,FAIRY CAKE FLANNEL ASSORTED COLOUR,1
21257,VICTORIAN SEWING BOX MEDIUM,1
22754,SMALL RED BABUSHKA NOTEBOOK ,1
22819,"BIRTHDAY CARD, RETRO SPOT",1
22301,COFFEE MUG CAT + BIRD DESIGN,1
20978,36 PENCILS TUBE SKULLS,1
22170,PICTURE FRAME WOOD TRIPLE PORTRAIT,1
23184,BULL DOG BOTTLE OPENER,1
22737,RIBBON REEL CHRISTMAS PRESENT ,1
22815,CARD PSYCHEDELIC APPLES,1
21428,SET3 BOOK BOX GREEN GINGHAM FLOWER ,1
23582,VINTAGE DOILY JUMBO BAG RED ,1
23571,TRADITIONAL NAUGHTS & CROSSES,1
22534,MAGIC DRAWING SLATE SPACEBOY ,1
84050,PINK HEART SHAPE EGG FRYING PAN,1
22028,PENNY FARTHING BIRTHDAY CARD,1
23100,SILVER BELLS TABLE DECORATION,1
22064,PINK DOUGHNUT TRINKET POT ,1
20982,12 PENCILS TALL TUBE SKULLS,1
22571,ROCKING HORSE RED CHRISTMAS ,1
21041,RED RETROSPOT OVEN GLOVE DOUBLE,1
20970,PINK FLORAL FELTCRAFT SHOULDER BAG,1
22906,12 MESSAGE CARDS WITH ENVELOPES,1
22065,CHRISTMAS PUDDING TRINKET POT ,1
21507,"ELEPHANT, BIRTHDAY CARD, ",1
22772,PINK DRAWER KNOB ACRYLIC EDWARDIAN,1
21531,RED RETROSPOT SUGAR JAM BOWL,1
23148,MINIATURE ANTIQUE ROSE HOOK IVORY,1
23534,STOP FOR TEA WALL ART,1
84997A,GREEN 3 PIECE POLKADOT CUTLERY SET,1
84032B,CHARLIE + LOLA RED HOT WATER BOTTLE,1
22358,KINGS CHOICE TEA CADDY ,1
21937,STRAWBERRY   PICNIC BAG,1
23329,DECORATIVE WICKER HEART LARGE,1
21811,CHRISTMAS HANGING HEART WITH BELL,1
22295,HEART FILIGREE DOVE LARGE,1
21539,RED RETROSPOT BUTTER DISH,1
23112,PARISIENNE CURIO CABINET,1
23229,VINTAGE DONKEY TAIL GAME ,1
21116,OWL DOORSTOP,1
23231,WRAP DOILEY DESIGN,1
23166,MEDIUM CERAMIC TOP STORAGE JAR,1
23158,SET OF 5 LUCKY CAT MAGNETS ,1
23078,ICE CREAM PEN LIP GLOSS ,1
23197,SKETCHBOOK MAGNETIC SHOPPING LIST,1
22796,PHOTO FRAME 3 CLASSIC HANGING,1
22398,MAGNETS PACK OF 4 SWALLOWS,1
22775,PURPLE DRAWERKNOB ACRYLIC EDWARDIAN,1
21327,SKULLS WRITING SET ,1
22653,BUTTON BOX ,1
22755,SMALL PURPLE BABUSHKA NOTEBOOK ,1
20981,12 PENCILS TALL TUBE WOODLAND,1
23146,TRIPLE HOOK ANTIQUE IVORY ROSE,1
23012,GLASS APOTHECARY BOTTLE PERFUME,1
22580,ADVENT CALENDAR GINGHAM SACK,1
22494,EMERGENCY FIRST AID TIN ,1
23083,SET 6 PAPER TABLE LANTERN STARS ,1
21787,RAIN PONCHO RETROSPOT,1
21704,BAG 250g SWIRLY MARBLES,1
23154,SET OF 4 JAM JAR MAGNETS,1
35961,FOLKART ZINC HEART CHRISTMAS DEC,1
84596G,SMALL CHOCOLATES PINK BOWL,1
22978,PANTRY ROLLING PIN,1
23005,TRAVEL CARD WALLET I LOVE LONDON,1
22920,HERB MARKER BASIL,1
22634,CHILDS BREAKFAST SET SPACEBOY ,1
21519,GIN & TONIC DIET GREETING CARD ,1
20828,GLITTER BUTTERFLY CLIPS,1
16161P,WRAP ENGLISH ROSE ,1
23333,IVORY WICKER HEART MEDIUM,1
21124,SET/10 BLUE POLKADOT PARTY CANDLES,1
22917,HERB MARKER ROSEMARY,1
22818,CARD CHRISTMAS VILLAGE,1
22919,HERB MARKER MINT,1
20682,RED RETROSPOT CHILDRENS UMBRELLA,1
84792,ENCHANTED BIRD COATHANGER 5 HOOK,1
21411,GINGHAM HEART  DOORSTOP RED,1
84510A,SET OF 4 ENGLISH ROSE COASTERS,1
21716,BOYS VINTAGE TIN SEASIDE BUCKET,1
22918,HERB MARKER PARSLEY,1
22241,GARLAND WOODEN HAPPY EASTER,1
47593B,SCOTTIE DOGS BABY BIB,1
23167,SMALL CERAMIC TOP STORAGE JAR ,1
22916,HERB MARKER THYME,1
22781,GUMBALL MAGAZINE RACK,1
23232,WRAP VINTAGE PETALS  DESIGN,1
23310,BUBBLEGUM RING ASSORTED,1
22088,PAPER BUNTING COLOURED LACE,1
17003,BROCADE RING PURSE ,1
23389,SPACEBOY MINI BACKPACK,1
21890,S/6 WOODEN SKITTLES IN COTTON BAG,1
51014A,"FEATHER PEN,HOT PINK",1
22965,3 TRADITIONAL COOKIE CUTTERS  SET,1
22623,BOX OF VINTAGE JIGSAW BLOCKS ,1
22329,ROUND CONTAINER SET OF 5 RETROSPOT,1
21880,RED RETROSPOT TAPE,1
21658,GLASS  BEURRE DISH,1
23393,HOME SWEET HOME CUSHION COVER ,1
22972,CHILDREN'S SPACEBOY MUG,1
22360,GLASS JAR ENGLISH CONFECTIONERY,1
22855,FINE WICKER HEART ,1
23302,KNEELING MAT HOUSEWORK  DESIGN,1
23368,SET 12 COLOUR PENCILS DOLLY GIRL ,1
23399,HOME SWEET HOME HANGING HEART,1
22530,MAGIC DRAWING SLATE DOLLY GIRL ,1
21967,PACK OF 12 SKULL TISSUES,1
23230,WRAP ALPHABET DESIGN,1
23176,ABC TREASURE BOOK BOX ,1
22567,20 DOLLY PEGS RETROSPOT,1
48111,DOORMAT 3 SMILEY CATS,1
21786,POLKADOT RAIN HAT ,1
22801,ANTIQUE GLASS PEDESTAL BOWL,1
22741,FUNKY DIVA PEN,1
85227,SET OF 6 3D KIT CARDS FOR KIDS,1
22814,CARD PARTY GAMES ,1
35471D,SET OF 3 BIRD LIGHT PINK FEATHER ,1
23283,DOORMAT VINTAGE LEAVES DESIGN ,1
23089,GLASS BON BON JAR,1
22767,TRIPLE PHOTO FRAME CORNICE ,1
22335,HEART DECORATION PAINTED ZINC ,1
22669,RED BABY BUNTING ,1
22997,TRAVEL CARD WALLET UNION JACK,1
22055,MINI CAKE STAND  HANGING STRAWBERY,1
23159,SET OF 5 PANCAKE DAY MAGNETS,1
84509A,SET OF 4 ENGLISH ROSE PLACEMATS,1
20963,APPLE BATH SPONGE,1
22747,POPPY'S PLAYHOUSE BATHROOM,1
21714,CITRONELLA CANDLE GARDEN POT,1
20961,STRAWBERRY BATH SPONGE ,1
22736,RIBBON REEL MAKING SNOWMEN ,1
21718,RED METAL BEACH SPADE ,1
21715,GIRLS VINTAGE TIN SEASIDE BUCKET,1
21497,FANCY FONTS BIRTHDAY WRAP,1
22433,WATERING CAN GREEN DINOSAUR,1
21381,MINI WOODEN HAPPY BIRTHDAY GARLAND,1
22374,AIRLINE BAG VINTAGE JET SET RED,1
22999,TRAVEL CARD WALLET RETRO PETALS,1
23330,DECORATIVE WICKER HEART MEDIUM,1
21592,RETROSPOT CIGAR BOX MATCHES ,1
85049C,ROMANTIC PINKS RIBBONS ,1
22437,SET OF 9 BLACK SKULL BALLOONS,1
21878,PACK OF 6 SANDCASTLE FLAGS ASSORTED,1
75049L,LARGE CIRCULAR MIRROR MOBILE,1
21746,SMALL RED RETROSPOT WINDMILL,1
23004,TRAVEL CARD WALLET PANTRY,1
22115,METAL SIGN EMPIRE TEA,1
21917,SET 12 KIDS  WHITE CHALK STICKS,1
22649,STRAWBERRY FAIRY CAKE TEAPOT,1
23292,SPACE BOY CHILDRENS CUP,1
20996,JAZZ HEARTS ADDRESS BOOK,1
23194,GYMKHANNA TREASURE BOOK BOX,1
22441,GROW YOUR OWN BASIL IN ENAMEL MUG,1
22614,PACK OF 12 SPACEBOY TISSUES,1
22493,PAINT YOUR OWN CANVAS SET,1
21623,VINTAGE UNION JACK MEMOBOARD,1
23013,GLASS APOTHECARY BOTTLE TONIC,1
22076,6 RIBBONS EMPIRE  ,1
22994,TRAVEL CARD WALLET RETROSPOT,1
22714,CARD BIRTHDAY COWBOY,1
22574,HEART WOODEN CHRISTMAS DECORATION,1
21313,GLASS HEART T-LIGHT HOLDER ,1
22366,DOORMAT AIRMAIL ,1
20751,FUNKY WASHING UP GLOVES ASSORTED,1
23242,TREASURE TIN BUFFALO BILL ,1
23395,BELLE JARDINIERE CUSHION COVER,1
22943,CHRISTMAS LIGHTS 10 VINTAGE BAUBLES,1
23286,BLUE VINTAGE SPOT BEAKER,1
22713,CARD I LOVE LONDON ,1
22841,ROUND CAKE TIN VINTAGE GREEN,1
22672,FRENCH BATHROOM SIGN BLUE METAL,1
21090,SET/6 COLLAGE PAPER PLATES,1
23382,BOX OF 6 CHRISTMAS CAKE DECORATIONS,1
22573,STAR WOODEN CHRISTMAS DECORATION,1
22491,PACK OF 12 COLOURED PENCILS,1
22957,SET 3 PAPER VINTAGE CHICK PAPER EGG,1
23091,ZINC HERB GARDEN CONTAINER,1
23397,FOOT STOOL HOME SWEET HOME ,1
23480,MINI LIGHTS WOODLAND MUSHROOMS,1
20668,DISCO BALL CHRISTMAS DECORATION,1
22222,CAKE PLATE LOVEBIRD WHITE,1
22550,HOLIDAY FUN LUDO,1
21390,FILIGRIS HEART WITH BUTTERFLY,1
47504K,ENGLISH ROSE GARDEN SECATEURS,1
23504,PLAYING CARDS JUBILEE UNION JACK,1
23535,BICYCLE SAFTEY WALL ART,1
22753,SMALL YELLOW BABUSHKA NOTEBOOK ,1
21499,BLUE POLKADOT WRAP,1
23312,VINTAGE CHRISTMAS GIFT SACK,1
21984,PACK OF 12 PINK PAISLEY TISSUES ,1
21745,GAOLERS KEYS DECORATIVE GARDEN ,1
22460,EMBOSSED GLASS TEALIGHT HOLDER,1
23101,SILVER STARS TABLE DECORATION,1
23032,DRAWER KNOB CRACKLE GLAZE IVORY,1
23494,VINTAGE DOILY DELUXE SEWING KIT ,1
22813,PACK 3 BOXES BIRD PANNETONE ,1
22610,PENS ASSORTED FUNNY FACE,1
22892,SET OF SALT AND PEPPER TOADSTOOLS,1
22897,OVEN MITT APPLES DESIGN,1
21902,"KEY FOB , FRONT  DOOR ",1
22024,RAINY LADIES BIRTHDAY CARD,1
22421,LIPSTICK PEN FUSCHIA,1
21561,DINOSAUR LUNCH BOX WITH CUTLERY,1
85132C,CHARLIE AND LOLA FIGURES TINS,1
22426,ENAMEL WASH BOWL CREAM,1
22562,MONSTERS STENCIL CRAFT,1
22302,COFFEE MUG PEARS  DESIGN,1
23215,JINGLE BELL HEART ANTIQUE SILVER,1
23290,SPACEBOY CHILDRENS BOWL,1
22921,HERB MARKER CHIVES ,1
22548,HEADS AND TAILS SPORTING FUN,1
22974,CHILDRENS DOLLY GIRL MUG,1
23014,GLASS APOTHECARY BOTTLE ELIXIR,1
23352,ROLL WRAP 50'S RED CHRISTMAS ,1
22466,FAIRY TALE COTTAGE NIGHTLIGHT,1
21508,VINTAGE KID DOLLY CARD ,1
22982,PANTRY PASTRY BRUSH,1
84969,BOX OF 6 ASSORTED COLOUR TEASPOONS,1
22839,3 TIER CAKE TIN GREEN AND CREAM,1
22094,RED RETROSPOT TISSUE BOX,1
23156,SET OF 5 MINI GROCERY MAGNETS,1
22809,SET OF 6 T-LIGHTS SANTA,1
21991,BOHEMIAN COLLAGE STATIONERY SET,1
22207,FRYING PAN UNION FLAG,1
22676,FRENCH BLUE METAL DOOR SIGN 1,1
21500,PINK POLKADOT WRAP ,1
22636,CHILDS BREAKFAST SET CIRCUS PARADE,1
21243,PINK  POLKADOT PLATE ,1
22485,SET OF 2 WOODEN MARKET CRATES,1
22430,ENAMEL WATERING CAN CREAM,1
22045,SPACEBOY GIFT WRAP,1
22743,MAKE YOUR OWN FLOWERPOWER CARD KIT,1
21922,UNION STRIPE WITH FRINGE  HAMMOCK,1
23163,REGENCY SUGAR TONGS,1
23210,WHITE ROCKING HORSE HAND PAINTED,1
23426,METAL SIGN DROP YOUR PANTS,1
48129,DOORMAT TOPIARY,1
21955,DOORMAT UNION JACK GUNS AND ROSES,1
22626,BLACK KITCHEN SCALES,1
22800,ANTIQUE TALL SWIRLGLASS TRINKET POT,1
22792,FLUTED ANTIQUE CANDLE HOLDER,1
22465,HANGING METAL STAR LANTERN,1
22956,36 FOIL HEART CAKE CASES,1
22422,TOOTHPASTE TUBE PEN,1
20733,GOLD MINI TAPE MEASURE ,1
20674,GREEN POLKADOT BOWL,1
22377,BOTTLE BAG RETROSPOT ,1
23396,BUTTERFLY CUSHION COVER,1
22601,CHRISTMAS RETROSPOT ANGEL WOOD,1
22439,6 ROCKET BALLOONS ,1
21832,CHOCOLATE CALCULATOR,1
22926,IVORY GIANT GARDEN THERMOMETER,1
22075,6 RIBBONS ELEGANT CHRISTMAS ,1
37446,MINI CAKE STAND WITH HANGING CAKES,1
37448,CERAMIC CAKE DESIGN SPOTTED MUG,1
85131D,BEADED CRYSTAL HEART PINK ON STICK,1
20829,GLITTER HANGING BUTTERFLY STRING,1
48116,DOORMAT MULTICOLOUR STRIPE,1
23050,RECYCLED ACAPULCO MAT GREEN,1
22300,COFFEE MUG DOG + BALL DESIGN,1
23002,TRAVEL CARD WALLET SKULLS,1
23190,BUNDLE OF 3 SCHOOL EXERCISE BOOKS  ,1
22635,CHILDS BREAKFAST SET DOLLY GIRL ,1
21700,BIG DOUGHNUT FRIDGE MAGNETS,1
23287,RED VINTAGE SPOT BEAKER,1
22968,ROSE COTTAGE KEEPSAKE BOX ,1
22531,MAGIC DRAWING SLATE CIRCUS PARADE  ,1
22593,CHRISTMAS GINGHAM STAR,1
21012,ANTIQUE ALL GLASS CANDLESTICK,1
22078,RIBBON REEL LACE DESIGN ,1
22628,PICNIC BOXES SET OF 3 RETROSPOT ,1
22211,WOOD STAMP SET FLOWERS,1
23569,TRADTIONAL ALPHABET STAMP SET,1
23497,CLASSIC CHROME BICYCLE BELL ,1
21068,VINTAGE BILLBOARD LOVE/HATE MUG,1
22074,6 RIBBONS SHIMMERING PINKS ,1
21244,BLUE POLKADOT PLATE ,1
21803,CHRISTMAS TREE STAR DECORATION,1
23434,3 RAFFIA RIBBONS 50'S CHRISTMAS ,1
22584,PACK OF 6 PANNETONE GIFT BOXES,1
22733,3D TRADITIONAL CHRISTMAS STICKERS,1
22805,BLUE DRAWER KNOB ACRYLIC EDWARDIAN,1
10133,COLOURING PENCILS BROWN TUBE,1
21452,TOADSTOOL MONEY BOX,1
22600,CHRISTMAS RETROSPOT STAR WOOD,1
23127,DOLLCRAFT GIRL NICOLE,1
23291,DOLLY GIRL CHILDRENS CUP,1
22812,PACK 3 BOXES CHRISTMAS PANNETONE,1
22807,SET OF 6 T-LIGHTS TOADSTOOLS,1
23366,SET 12 COLOURING PENCILS DOILY,1
22594,CHRISTMAS GINGHAM TREE,1
23212,HEART WREATH DECORATION WITH BELL,1
23035,DRAWER KNOB CERAMIC IVORY,1
21866,UNION JACK FLAG LUGGAGE TAG,1
85184C,S/4 VALENTINE DECOUPAGE HEART BOX,1
22187,GREEN CHRISTMAS TREE CARD HOLDER,1
22773,GREEN DRAWER KNOB ACRYLIC EDWARDIAN,1
46000S,POLYESTER FILLER PAD 40x40cm,1
22677,FRENCH BLUE METAL DOOR SIGN 2,1
23289,DOLLY GIRL CHILDRENS BOWL,1
22837,HOT WATER BOTTLE BABUSHKA ,1
48173C,DOORMAT BLACK FLOCK ,1
22210,WOOD STAMP SET BEST WISHES,1
21988,PACK OF 6 SKULL PAPER PLATES,1
23239,SET OF 4 KNICK KNACK TINS POPPIES,1
20977,36 PENCILS TUBE WOODLAND,1
22148,EASTER CRAFT 4 CHICKS ,1
22120,WELCOME  WOODEN BLOCK LETTERS,1
22597,CHRISTMAS MUSICAL ZINC HEART ,1
22564,ALPHABET STENCIL CRAFT,1
22674,FRENCH TOILET SIGN BLUE METAL,1
22930,BAKING MOULD HEART MILK CHOCOLATE,1
23285,PINK VINTAGE SPOT BEAKER,1
22938,CUPCAKE LACE PAPER SET 6,1
22357,KINGS CHOICE BISCUIT TIN,1
22059,CERAMIC STRAWBERRY DESIGN MUG,1
22925,BLUE GIANT GARDEN THERMOMETER,1
72351B,SET/6 PINK  BUTTERFLY T-LIGHTS,1
23371,SET 36 COLOUR PENCILS SPACEBOY ,1
22188,BLACK HEART CARD HOLDER,1
21986,PACK OF 12 PINK POLKADOT TISSUES,1
23288,GREEN VINTAGE SPOT BEAKER,1
22915,ASSORTED BOTTLE TOP  MAGNETS ,1
22891,TEA FOR ONE POLKADOT,1
22732,3D VINTAGE CHRISTMAS STICKERS ,1
22950,36 DOILIES VINTAGE CHRISTMAS,1
22338,STAR DECORATION PAINTED ZINC ,1
22975,SPACEBOY CHILDRENS EGG CUP,1
21135,VICTORIAN  METAL POSTCARD SPRING,1
84828,JUNGLE POPSICLES ICE LOLLY HOLDERS,1
23346,SPACEBOY BEAKER,1
85049H,URBAN BLACK RIBBONS ,1
22107,PIZZA PLATE IN BOX,1
21774,DECORATIVE CATS BATHROOM BOTTLE,1
21864,UNION JACK FLAG PASSPORT COVER ,1
23049,RECYCLED ACAPULCO MAT RED,1
23007, SPACEBOY BABY GIFT SET,1
23348,,1
23237,SET OF 4 KNICK KNACK TINS LEAVES ,1
23378,PACK OF 12 50'S CHRISTMAS TISSUES,1
22572,ROCKING HORSE GREEN CHRISTMAS ,1
23193,BUFFALO BILL TREASURE BOOK BOX,1
22098,BOUDOIR SQUARE TISSUE BOX,1
22364,GLASS JAR DIGESTIVE BISCUITS,1
22794,SWEETHEART WIRE MAGAZINE RACK,1
22278,OVERNIGHT BAG VINTAGE ROSE PAISLEY,1
23130,MISTLETOE HEART WREATH GREEN,1
21258,VICTORIAN SEWING BOX LARGE,1
22581,WOOD STOCKING CHRISTMAS SCANDISPOT,1
22331,WOODLAND PARTY BAG + STICKER SET,1
21829,DINOSAUR KEYRINGS ASSORTED,1
21084,SET/6 COLLAGE PAPER CUPS,1
22838,3 TIER CAKE TIN RED AND CREAM,1
22945,CHRISTMAS METAL TAGS ASSORTED ,1
21802,CHRISTMAS TREE HEART DECORATION,1
22365,DOORMAT RESPECTABLE HOUSE,1
21903,MAN FLU METAL SIGN,1
23404,HOME SWEET HOME BLACKBOARD,1
21071,VINTAGE BILLBOARD DRINK ME MUG,1
22890,NOVELTY BISCUITS CAKE STAND 3 TIER,1
20984,12 PENCILS TALL TUBE POSY,1
22588,CARD HOLDER GINGHAM HEART,1
51014C,"FEATHER PEN,COAL BLACK",1
22758,LARGE PURPLE BABUSHKA NOTEBOOK  ,1
84536B,FAIRY CAKES NOTEBOOK A7 SIZE,1
21818,GLITTER CHRISTMAS HEART ,1
22072,RED RETROSPOT TEA CUP AND SAUCER ,1
23345, DOLLY GIRL BEAKER,1
22544,MINI JIGSAW SPACEBOY,1
22135,LADLE LOVE HEART PINK,1
37449,CERAMIC CAKE STAND + HANGING CAKES,1
21158,MOODY GIRL DOOR HANGER ,1
22576,SWALLOW WOODEN CHRISTMAS DECORATION,1
10135,COLOURING PENCILS BROWN TUBE,1
21906,PHARMACIE FIRST AID TIN,1
22603,CHRISTMAS RETROSPOT TREE WOOD,1
22209,WOOD STAMP SET HAPPY BIRTHDAY,1
85040A,S/4 PINK FLOWER CANDLES IN BOWL,1
22990,COTTON APRON PANTRY DESIGN,1
23006,TRAVEL CARD WALLET FLOWER MEADOW,1
22744,MAKE YOUR OWN MONSOON CARD KIT,1
85061W,WHITE JEWELLED HEART DECORATION,1
21987,PACK OF 6 SKULL PAPER CUPS,1
21577,SAVE THE PLANET COTTON TOTE BAG,1
22704,WRAP RED APPLES ,1
22842,BISCUIT TIN VINTAGE RED,1
84971S,SMALL HEART FLOWERS HOOK ,1
21544,SKULLS  WATER TRANSFER TATTOOS ,1
21383,PACK OF 12 STICKY BUNNIES,1
23162,REGENCY TEA STRAINER,1
22537,MAGIC DRAWING SLATE DINOSAUR,1
22315,200 RED + WHITE BENDY STRAWS,1
21620,SET OF 4 ROSE BOTANICAL CANDLES,1
22175,PINK OWL SOFT TOY,1
47503A,ASS FLORAL PRINT MULTI SCREWDRIVER,1
23365,SET 12 COLOUR PENCILS LOVE LONDON,1
37370,RETRO COFFEE MUGS ASSORTED,1
21625,VINTAGE UNION JACK APRON,1
22483,RED GINGHAM TEDDY BEAR ,1
85034C,3 ROSE MORRIS BOXED CANDLES,1
84596L,BISCUITS SMALL BOWL LIGHT BLUE,1
23157,SET OF 6 NATIVITY MAGNETS ,1
22810,SET OF 6 T-LIGHTS SNOWMEN,1
22740,POLKADOT PEN,1
22375,AIRLINE BAG VINTAGE JET SET BROWN,1
85176,SEWING SUSAN 21 NEEDLE SET,1
22091,EMPIRE TISSUE BOX,1
21527,RED RETROSPOT TRADITIONAL TEAPOT ,1
85039B,S/4 IVORY MINI ROSE CANDLE IN BOWL,1
23129,HEART SHAPED HOLLY WREATH,1
21833,CAMOUFLAGE LED TORCH,1
22154,ANGEL DECORATION 3 BUTTONS ,1
22675,FRENCH KITCHEN SIGN BLUE METAL,1
85131B,BEADED CRYSTAL HEART GREEN ON STICK,1
22718,CARD CAT AND TREE ,1
23145,ZINC T-LIGHT HOLDER STAR LARGE,1
22244,3 HOOK HANGER MAGIC GARDEN,1
21870,I CAN ONLY PLEASE ONE PERSON MUG,1
23390,DOLLY GIRL MINI BACKPACK,1
22180,RETROSPOT LAMP,1
21260,FIRST AID TIN,1
22651,GENTLEMAN SHIRT REPAIR KIT ,1
72807C,SET/3 VANILLA SCENTED CANDLE IN BOX,1
22678,FRENCH BLUE METAL DOOR SIGN 3,1
22425,ENAMEL COLANDER CREAM,1
16235,RECYCLED PENCIL WITH RABBIT ERASER,1
22436,12 COLOURED PARTY BALLOONS,1
22199,FRYING PAN RED RETROSPOT,1
21534,DAIRY MAID LARGE MILK JUG,1
21844,RED RETROSPOT MUG,1
21224,SET/4 SKULL BADGES,1
21619,4 VANILLA BOTANICAL CANDLES,1
22778,GLASS CLOCHE SMALL,1
22224,WHITE LOVEBIRD LANTERN,1
47599A,PINK PARTY BAGS,1
72817,SET OF 2 CHRISTMAS DECOUPAGE CANDLE,1
21471,STRAWBERRY RAFFIA FOOD COVER,1
84580,MOUSE TOY WITH PINK T-SHIRT,1
16156S,WRAP PINK FAIRY CAKES ,1
22093,MOTORING TISSUE BOX,1
22937,BAKING MOULD CHOCOLATE CUPCAKES,1
22268,EASTER DECORATION SITTING BUNNY,1
22854,CREAM SWEETHEART EGG HOLDER,1
84031A,CHARLIE+LOLA RED HOT WATER BOTTLE ,1
22686,FRENCH BLUE METAL DOOR SIGN No,1
22859,EASTER TIN BUNNY BOUQUET,1
21713,CITRONELLA CANDLE FLOWERPOT,1
23297,SET 40 HEART SHAPE PETIT FOUR CASES,1
21115,ROSE CARAVAN DOORSTOP,1
22942,CHRISTMAS LIGHTS 10 SANTAS ,1
22587,FELTCRAFT HAIRBAND RED AND BLUE,1
22097,SWALLOW SQUARE TISSUE BOX,1
22185,SLATE TILE NATURAL HANGING,1
21495,SKULLS AND CROSSBONES WRAP,1
23053,RECYCLED ACAPULCO MAT PINK,1
23152,IVORY SWEETHEART WIRE LETTER RACK ,1
23031,DRAWER KNOB CRACKLE GLAZE PINK,1
23342,MINT DINER WALL CLOCK,1
22664,TOY TIDY DOLLY GIRL DESIGN,1
22099,CARAVAN SQUARE TISSUE BOX,1
22757,LARGE RED BABUSHKA NOTEBOOK ,1
85039A,SET/4 RED MINI ROSE CANDLE IN BOWL,1
84912B,GREEN ROSE WASHBAG,1
22586,FELTCRAFT HAIRBAND PINK AND BLUE,1
22984,CARD GINGHAM ROSE ,1
21162,TOXIC AREA  DOOR HANGER ,1
23211,RED ROCKING HORSE HAND PAINTED,1
23029,DRAWER KNOB CRACKLE GLAZE GREEN,1
23489,"GARLAND, VINTAGE BELLS",1
22680,FRENCH BLUE METAL DOOR SIGN 5,1
21773,DECORATIVE ROSE BATHROOM BOTTLE,1
22134,LADLE LOVE HEART RED ,1
85174,S/4 CACTI CANDLES,1
85062,PEARL CRYSTAL PUMPKIN T-LIGHT HLDR,1
23051,RECYCLED ACAPULCO MAT BLUE,1
21557,SET OF 6 FUNKY BEAKERS,1
22080,RIBBON REEL POLKADOTS ,1
85017B,ENVELOPE 50 BLOSSOM IMAGES,1
22440,BALLOON WATER BOMB PACK OF 35,1
84078A,SET/4 WHITE RETRO STORAGE CUBES ,1
22536,MAGIC DRAWING SLATE PURDEY,1
22061,LARGE CAKE STAND  HANGING STRAWBERY,1
22167, OVAL WALL MIRROR DIAMANTE ,1
22026,BANQUET BIRTHDAY  CARD  ,1
23255,CHILDRENS CUTLERY CIRCUS PARADE,1
23102,SILVER HEARTS TABLE DECORATION,1
22822,CREAM WALL PLANTER HEART SHAPED,1
21905,MORE BUTTER METAL SIGN ,1
22679,FRENCH BLUE METAL DOOR SIGN 4,1
23376,PACK OF 12 VINTAGE CHRISTMAS TISSUE,1
22914,BLUE COAT RACK PARIS FASHION,1
22779,WOODEN OWLS LIGHT GARLAND ,1
21591,COSY HOUR CIGAR BOX MATCHES ,1
21584,RETROSPOT SMALL TUBE MATCHES,1
21123,SET/10 IVORY POLKADOT PARTY CANDLES,1
22400,MAGNETS PACK OF 4 HOME SWEET HOME,1
23233,WRAP POPPIES  DESIGN,1
23280,FOLDING BUTTERFLY MIRROR HOT PINK ,1
84535B,FAIRY CAKES NOTEBOOK A6 SIZE,1
21563,RED HEART SHAPE LOVE BUCKET ,1
22696,WICKER WREATH LARGE,1
20665,RED RETROSPOT PURSE ,1
22609,PENS ASSORTED SPACEBALL,1
72351A,SET/6 TURQUOISE BUTTERFLY T-LIGHTS,1
21947,SET OF 6 HEART CHOPSTICKS,1
23370,SET 36 COLOUR PENCILS DOILEY,1
22927,GREEN GIANT GARDEN THERMOMETER,1
22402,MAGNETS PACK OF 4 VINTAGE COLLAGE,1
22283,6 EGG HOUSE PAINTED WOOD,1
22231,JIGSAW TREE WITH BIRDHOUSE,1
23132,SMALL IVORY HEART WALL ORGANISER,1
22095,LADS ONLY TISSUE BOX,1
22606,WOODEN SKITTLES GARDEN SET,1
22249,DECORATION WHITE CHICK MAGIC GARDEN,1
23213,STAR WREATH DECORATION WITH BELL,1
23388,WOODLAND MINI BACKPACK,1
21983,PACK OF 12 BLUE PAISLEY TISSUES ,1
22566,FELTCRAFT HAIRBAND PINK AND PURPLE,1
72760B,VINTAGE CREAM 3 BASKET CAKE STAND,1
22986,GINGHAM ROSE WRAP,1
21948,SET OF 6 CAKE CHOPSTICKS,1
23133,LARGE IVORY HEART WALL ORGANISER,1
23506,MINI PLAYING CARDS SPACEBOY ,1
22468,BABUSHKA LIGHTS STRING OF 10,1
85231B,CINAMMON SET OF 9 T-LIGHTS,1
22132,RED LOVE HEART SHAPE CUP,1
23111,PARISIENNE SEWING BOX,1
23090,VINTAGE GLASS T-LIGHT HOLDER,1
23394,POSTE FRANCE CUSHION COVER,1
22186,RED STAR CARD HOLDER,1
20752,BLUE POLKADOT WASHING UP GLOVES,1
21875,KINGS CHOICE MUG,1
85175,CACTI T-LIGHT CANDLES,1
22332,SKULLS PARTY BAG + STICKER SET,1
23221,REINDEER HEART DECORATION SILVER,1
23119,PACK OF 6 LARGE FRUIT STRAWS ,1
23372,SET 36 COLOUR PENCILS DOLLY GIRL,1
23541,WALL ART CLASSIC PUDDINGS ,1
22155,STAR DECORATION RUSTIC,1
51014L,"FEATHER PEN,LIGHT PINK",1
21356,TOAST ITS - FAIRY FLOWER,1
22412,METAL SIGN NEIGHBOURHOOD WITCH ,1
16169E,WRAP 50'S  CHRISTMAS,1
23340,VINTAGE CHRISTMAS CAKE FRILL,1
22372,AIRLINE BAG VINTAGE WORLD CHAMPION ,1
22639,SET OF 4 NAPKIN CHARMS HEARTS,1
21447,12 IVORY ROSE PEG PLACE SETTINGS,1
22689,DOORMAT MERRY CHRISTMAS RED ,1
23155,KNICKERBOCKERGLORY MAGNET ASSORTED ,1
22973,CHILDREN'S CIRCUS PARADE MUG,1
22311,OFFICE MUG WARMER BLACK+SILVER ,1
22976,CIRCUS PARADE CHILDRENS EGG CUP ,1
37450,CERAMIC CAKE BOWL + HANGING CAKES,1
22498,WOODEN REGATTA BUNTING,1
21913,VINTAGE SEASIDE JIGSAW PUZZLES,1
22565,FELTCRAFT HAIRBANDS PINK AND WHITE ,1
20707,CRAZY DAISY HEART DECORATION,1
15056P,EDWARDIAN PARASOL PINK,1
22250,DECORATION  BUTTERFLY  MAGIC GARDEN,1
23299,FOOD COVER WITH BEADS SET 2 ,1
22068,BLACK PIRATE TREASURE CHEST,1
79066K,RETRO MOD TRAY,1
85038,6 CHOCOLATE LOVE HEART T-LIGHTS,1
22023,EMPIRE BIRTHDAY CARD,1
21872,GLAMOROUS  MUG,1
22893,MINI CAKE STAND T-LIGHT HOLDER,1
22452,MEASURING TAPE BABUSHKA PINK,1
22116,METAL SIGN HIS DINNER IS SERVED,1
15039,SANDALWOOD FAN,1
22228,BUNNY WOODEN PAINTED WITH BIRD ,1
22650,CERAMIC PIRATE CHEST MONEY BANK,1
22069,BROWN  PIRATE TREASURE CHEST ,1
22203,MILK PAN RED RETROSPOT,1
22165,"DIAMANTE HEART SHAPED WALL MIRROR, ",1
22959,WRAP CHRISTMAS VILLAGE,1
22613,PACK OF 20 SPACEBOY NAPKINS,1
84568,GIRLS ALPHABET IRON ON PATCHES ,1
23096,PETIT TRAY CHIC,1
23252,VINTAGE RED ENAMEL TRIM JUG ,1
22449,SILK PURSE BABUSHKA PINK,1
22948,METAL DECORATION NAUGHTY CHILDREN ,1
84031B,CHARLIE LOLA BLUE HOT WATER BOTTLE ,1
85178,VICTORIAN SEWING KIT,1
22946,WOODEN ADVENT CALENDAR CREAM,1
22774,RED DRAWER KNOB ACRYLIC EDWARDIAN,1
22262,FELT EGG COSY CHICKEN,1
21705,BAG 500g SWIRLY MARBLES,1
47567B,TEA TIME KITCHEN APRON,1
82599,FANNY'S REST STOPMETAL SIGN,1
22671,FRENCH LAUNDRY SIGN BLUE METAL,1
22608,PENS ASSORTED FUNKY JEWELED ,1
22066,LOVE HEART TRINKET POT,1
23093,SMALL PARISIENNE HEART PHOTO FRAME ,1
23526,DOG LICENCE WALL ART,1
22318,FIVE HEART HANGING DECORATION,1
22731,3D CHRISTMAS STAMPS STICKERS ,1
46000M,POLYESTER FILLER PAD 45x45cm,1
21949,SET OF 6 STRAWBERRY CHOPSTICKS,1
85015,SET OF 12  VINTAGE POSTCARD SET,1
21015,DARK BIRD HOUSE TREE DECORATION,1
23092,LARGE ANTIQUE WHITE PHOTO FRAME,1
21463,MIRRORED DISCO BALL ,1
C2,CARRIAGE,1
21114,LAVENDER SCENTED FABRIC HEART,1
22362,GLASS JAR PEACOCK BATH SALTS,1
22789,T-LIGHT HOLDER SWEETHEART HANGING,1
85032C,CURIOUS IMAGES GIFT WRAP SET,1
23128,FELTCRAFT BOY JEAN-PAUL KIT,1
21470,FLOWER VINE RAFFIA FOOD COVER,1
22251,BIRDHOUSE DECORATION MAGIC GARDEN,1
22035,VINTAGE CARAVAN GREETING CARD ,1
22475,SKULL DESIGN TV DINNER TRAY,1
20985,HEART CALCULATOR,1
21749,LARGE RED RETROSPOT WINDMILL,1
22967,SET 3 SONG BIRD PAPER EGGS ASSORTED,1
23081,GREEN METAL BOX ARMY SUPPLIES,1
23028,DRAWER KNOB CRACKLE GLAZE BLUE,1
23189,SET OF 12 FORK CANDLES,1
22780,LIGHT GARLAND BUTTERFILES PINK,1
72800E,4 IVORY DINNER CANDLES SILVER FLOCK,1
22947,WOODEN ADVENT CALENDAR RED,1
22200,FRYING PAN PINK POLKADOT,1
15034,PAPER POCKET TRAVELING FAN ,1
21616,4 PEAR BOTANICAL DINNER CANDLES,1
22858,EASTER TIN KEEPSAKE,1
21730,GLASS STAR FROSTED T-LIGHT HOLDER,1
22153,ANGEL DECORATION STARS ON DRESS,1
22735,RIBBON REEL SOCKS AND MITTENS,1
22539,MINI JIGSAW DOLLY GIRL,1
22121,NOEL WOODEN BLOCK LETTERS ,1
22081,RIBBON REEL FLORA + FAUNA ,1
22478,BIRDHOUSE GARDEN MARKER ,1
22821,GIFT BAG PSYCHEDELIC APPLES,1
23551,PACK OF 12 PAISLEY PARK TISSUES ,1
22848,BREAD BIN DINER STYLE PINK,1
22902,TOTE BAG I LOVE LONDON,1
22955,36 FOIL STAR CAKE CASES ,1
21407,BROWN CHECK CAT DOORSTOP ,1
21775,DECORATIVE FLORE BATHROOM BOTTLE,1
21042,RED RETROSPOT APRON ,1
21650,ASSORTED TUTTI FRUTTI BRACELET,1
22322,BIRD DECORATION GREEN POLKADOT,1
21615,4 LAVENDER BOTANICAL DINNER CANDLES,1
21454,PAINTED PINK RABBIT ,1
23122,PARTY CHARMS 50 PIECES,1
22312,OFFICE MUG WARMER POLKADOT,1
21588,RETROSPOT GIANT TUBE MATCHES,1
84279P,CHERRY BLOSSOM  DECORATIVE FLASK,1
22849,BREAD BIN DINER STYLE MINT,1
22523,CHILDS GARDEN FORK PINK,1
37340,MULTICOLOUR SPRING FLOWER MUG,1
23008,DOLLY GIRL BABY GIFT SET,1
23068,ALUMINIUM STAMPED HEART,1
23407,SET OF 2 TRAYS HOME SWEET HOME,1
23403,LETTER HOLDER HOME SWEET HOME,1
22445,PENCIL CASE LIFE IS BEAUTIFUL,1
21679,SKULLS  STICKERS,1
21110,LARGE CAKE TOWEL PINK SPOTS,1
22977,DOLLY GIRL CHILDRENS EGG CUP,1
85035C,ROSE 3 WICK MORRIS BOX CANDLE,1
21163,DO NOT TOUCH MY STUFF DOOR HANGER ,1
22284,HEN HOUSE DECORATION,1
22535,MAGIC DRAWING SLATE BUNNIES ,1
21394,RED POLKADOT BEAKER ,1
23377,PACK OF 12 DOLLY GIRL TISSUES,1
21363,HOME SMALL WOOD LETTERS,1
22243,5 HOOK HANGER RED MAGIC TOADSTOOL,1
22314,OFFICE MUG WARMER CHOC+BLUE,1
22592,CARDHOLDER HOLLY WREATH METAL,1
22843,BISCUIT TIN VINTAGE GREEN,1
21389,IVORY HANGING DECORATION  BIRD,1
22681,FRENCH BLUE METAL DOOR SIGN 6,1
23282,FOLDING BUTTERFLY MIRROR IVORY ,1
23424,GINGHAM RECIPE BOOK BOX,1
16238,PARTY TIME PENCIL ERASERS,1
16236,KITTY PENCIL ERASERS,1
22446,PIN CUSHION BABUSHKA PINK,1
35953,FOLKART STAR CHRISTMAS DECORATIONS,1
21819,GLITTER CHRISTMAS STAR ,1
35648,VINTAGE BEAD PINK PURSE ,1
85032A,ROMANTIC IMAGES GIFT WRAP SET,1
23334,IVORY WICKER HEART SMALL,1
22349,DOG BOWL CHASING BALL DESIGN,1
21894,POTTING SHED SEED ENVELOPES,1
22396,MAGNETS PACK OF 4 RETRO PHOTO,1
22673,FRENCH GARDEN SIGN BLUE METAL,1
22474,SPACEBOY TV DINNER TRAY,1
16161U,WRAP SUKI AND FRIENDS,1
22522,CHILDS GARDEN FORK BLUE ,1
23270,SET OF 2 CERAMIC PAINTED HEARTS ,1
21883,STARS GIFT TAPE ,1
21867,PINK UNION JACK  LUGGAGE TAG,1
22321,BIRD DECORATION RED RETROSPOT,1
21207,SKULL AND CROSSBONES  GARLAND ,1
22025,RING OF ROSES BIRTHDAY CARD,1
15060B,FAIRY CAKE DESIGN UMBRELLA,1
21578,WOODLAND DESIGN  COTTON TOTE BAG,1
79000,MOROCCAN TEA GLASS,1
22279,POCKET BAG BLUE PAISLEY RED SPOT,1
85032B,BLOSSOM IMAGES GIFT WRAP SET,1
23374,RED SPOT PAPER GIFT BAG,1
23681,LUNCH BAG RED VINTAGE DOILY,1
85071B,RED CHARLIE+LOLA PERSONAL DOORSIGN,1
22133,PINK LOVE HEART SHAPE CUP,1
85203,HANGING WOOD AND FELT BUTTERFLY ,1
22063,CERAMIC BOWL WITH STRAWBERRY DESIGN,1
23508,MINI PLAYING CARDS DOLLY GIRL ,1
21744,SNOWFLAKE PORTABLE TABLE LIGHT ,1
22481,BLACK TEA TOWEL CLASSIC DESIGN,1
21439,BASKET OF TOADSTOOLS,1
82001S,VINYL RECORD FRAME SILVER,1
22931,BAKING MOULD HEART WHITE CHOCOLATE,1
21382,SET/4 SPRING FLOWER DECORATION,1
23054,RECYCLED ACAPULCO MAT LAVENDER,1
23437, 50'S CHRISTMAS GIFT BAG LARGE,1
22183,CAKE STAND VICTORIAN FILIGREE MED,1
21245,GREEN POLKADOT PLATE ,1
22604,SET OF 4 NAPKIN CHARMS CUTLERY,1
22717,CARD DOG AND BALL ,1
22340,NOEL GARLAND PAINTED ZINC ,1
85059,FRENCH ENAMEL WATER BASIN,1
22342,HOME GARLAND PAINTED ZINC ,1
22434,BALLOON PUMP WITH 10 BALLOONS,1
22939,APRON APPLE DELIGHT,1
22715,CARD WEDDING DAY,1
22683,FRENCH BLUE METAL DOOR SIGN 8,1
22477,WATERING CAN GARDEN MARKER,1
22420,LIPSTICK PEN BABY PINK,1
21355,TOAST ITS - I LOVE YOU ,1
22293,HANGING CHICK GREEN DECORATION,1
23369,SET 36 COLOUR PENCILS LOVE LONDON,1
23507,MINI PLAYING CARDS BUFFALO BILL ,1
21126,SET OF 6 GIRLS CELEBRATION CANDLES,1
21801,CHRISTMAS TREE DECORATION WITH BELL,1
22476,EMPIRE UNION JACK TV DINNER TRAY,1
21215,IVORY PAPER CUP CAKE CASES ,1
21058,PARTY INVITES WOODLAND,1
84519B,CARROT CHARLIE+LOLA COASTER SET,1
22403,MAGNETS PACK OF 4 VINTAGE LABELS ,1
22291,HANGING CHICK CREAM DECORATION,1
22096,PINK PAISLEY SQUARE TISSUE BOX ,1
22163,HEART STRING MEMO HOLDER HANGING,1
85087,CANDY SPOT CUSHION COVER,1
22269,EGG CUP NATURAL CHICKEN,1
22852,DOG BOWL VINTAGE CREAM,1
23228,FILIGREE HEART BIRD WHITE ,1
23559,WOODLAND BUNNIES LOLLY MAKERS,1
22376,AIRLINE BAG VINTAGE JET SET WHITE,1
21809,CHRISTMAS HANGING TREE WITH BELL,1
22182,CAKE STAND VICTORIAN FILIGREE SMALL,1
21564,PINK  HEART SHAPE LOVE BUCKET ,1
84950,ASSORTED COLOUR T-LIGHT HOLDER,1
21159,MOODY BOY  DOOR HANGER ,1
84796B,BLUE SAVANNAH PICNIC HAMPER FOR 2,1
23274,STAR T-LIGHT HOLDER WILLIE WINKIE,1
23251,VINTAGE RED ENAMEL TRIM MUG ,1
23510,MINI PLAYING CARDS GYMKHANA,1
22695,WICKER WREATH SMALL,1
84913A,SOFT PINK ROSE TOWEL ,1
22599,CHRISTMAS MUSICAL ZINC STAR,1
22350,ILLUSTRATED CAT BOWL ,1
85078,SCANDINAVIAN 3 HEARTS NAPKIN RING,1
22933,BAKING MOULD EASTER EGG MILK CHOC,1
23380,PACK OF 12 VINTAGE DOILY TISSUES,1
21014,SWISS CHALET TREE DECORATION ,1
22285,"DECORATION HEN ON NEST, HANGING",1
21528,DAIRY MAID TRADITIONAL TEAPOT ,1
85034B,3 WHITE CHOC MORRIS BOXED CANDLES,1
22123,PING MICROWAVE APRON,1
23552,BICYCLE PUNCTURE REPAIR KIT ,1
21824,PAINTED METAL STAR WITH HOLLY BELLS,1
21873,IF YOU CAN'T STAND THE HEAT MUG,1
22309,TEA COSY RED  STRIPE,1
22756,LARGE YELLOW BABUSHKA NOTEBOOK ,1
22831,WHITE BROCANTE SOAP DISH,1
70006,LOVE HEART POCKET WARMER,1
22070,SMALL RED RETROSPOT MUG IN BOX ,1
85054,FRENCH ENAMEL POT W LID,1
22894,TABLECLOTH RED APPLES DESIGN ,1
22691,DOORMAT WELCOME SUNRISE,1
22703,PINK CAT BOWL,1
22176,BLUE OWL SOFT TOY,1
85131A,BEADED PEARL HEART WHITE ON STICK,1
47310M,"SMALL POP BOX,FUNKY MONKEY",1
22682,FRENCH BLUE METAL DOOR SIGN 7,1
23131,MISTLETOE HEART WREATH CREAM,1
23341,PINK DINER WALL CLOCK,1
23505,PLAYING CARDS I LOVE LONDON ,1
35004B,SET OF 3 BLACK FLYING DUCKS,1
21706,FOLDING UMBRELLA RED/WHITE POLKADOT,1
21408,SPOTTY PINK DUCK DOORSTOP,1
22701,PINK DOG BOWL,1
37447,CERAMIC CAKE DESIGN SPOTTED PLATE,1
21455,PAINTED YELLOW WOODEN DAISY,1
23061,VINTAGE EMBOSSED HEART,1
23314,VINTAGE CHRISTMAS TABLECLOTH,1
23546,WRAP PAISLEY PARK ,1
22719,GUMBALL MONOCHROME COAT RACK,1
47599B,BLUE PARTY BAGS ,1
11001,ASSTD DESIGN RACING CAR PEN,1
21677,HEARTS  STICKERS,1
22520,CHILDS GARDEN TROWEL BLUE ,1
23121,PACK OF 6 COCKTAIL PARASOL STRAWS,1
85183B,CHARLIE & LOLA WASTEPAPER BIN FLORA,1
47504H,ENGLISH ROSE SPIRIT LEVEL ,1
22928,YELLOW GIANT GARDEN THERMOMETER,1
21249,WOODLAND  HEIGHT CHART STICKERS ,1
22292,HANGING CHICK  YELLOW DECORATION,1
22762,CUPBOARD 3 DRAWER MA CAMPAGNE,1
22306,SILVER MUG BONE CHINA TREE OF LIFE,1
84849D,HOT BATHS SOAP HOLDER,1
85206A,CREAM FELT EASTER EGG BASKET,1
22286,"DECORATION , WOBBLY RABBIT , METAL ",1
23227,FILIGREE HEART BUTTERFLY WHITE ,1
23360,SET 8 CANDLES VINTAGE DOILEY,1
23427,STOOL HOME SWEET HOME ,1
23392,SPACEBOY ROCKET LOLLY MAKERS,1
22428,ENAMEL FIRE BUCKET CREAM,1
21556,CERAMIC STRAWBERRY MONEY BOX,1
72807A,SET/3 ROSE CANDLE IN JEWELLED BOX,1
72807B,SET/3 OCEAN SCENT CANDLE JEWEL BOX,1
21109,"LARGE CAKE TOWEL, CHOCOLATE SPOTS",1
20986,BLUE CALCULATOR RULER,1
72349B,SET/6 PURPLE BUTTERFLY T-LIGHTS,1
47574A,ENGLISH ROSE SCENTED HANGING FLOWER,1
22247,BUNNY DECORATION MAGIC GARDEN,1
23250,VINTAGE RED TRIM ENAMEL BOWL ,1
22261,FELT EGG COSY WHITE RABBIT ,1
72802C,VANILLA SCENT CANDLE JEWELLED BOX,1
22190,LOCAL CAFE MUG,1
21896,POTTING SHED TWINE,1
22944,CHRISTMAS METAL POSTCARD WITH BELLS,1
21504,SKULLS GREETING CARD,1
21446,12 RED ROSE PEG PLACE SETTINGS,1
22853,CAT BOWL VINTAGE CREAM,1
84012,MAGIC SHEEP WOOL GROWING FROM PAPER,1
23273,HEART T-LIGHT HOLDER WILLIE WINKIE,1
23244,ROUND STORAGE TIN VINTAGE LEAF,1
85049D,BRIGHT BLUES RIBBONS ,1
22130,PARTY CONE CHRISTMAS DECORATION ,1
85202,HANGING WOOD AND FELT HEART,1
37500,TEA TIME TEAPOT IN GIFT BOX,1
23079,TOADSTOOL BEDSIDE LIGHT ,1
23436,GIFT BAG LARGE VINTAGE CHRISTMAS,1
23406,HOME SWEET HOME KEY HOLDER,1
23501,KEY RING BASEBALL BOOT UNION JACK,1
22829,SWEETHEART WIRE WALL TIDY,1
22583,PACK OF 6 HANDBAG GIFT BOXES,1
85071A,BLUE CHARLIE+LOLA PERSONAL DOORSIGN,1
21813,GARLAND WITH STARS AND BELLS,1
22863,SOAP DISH BROCANTE,1
21391,FRENCH LAVENDER SCENT HEART,1
37342,POLKADOT COFFEE CUP & SAUCER PINK,1
23235,STORAGE TIN VINTAGE LEAF,1
23120,PACK OF 6 SMALL FRUIT STRAWS,1
23499,SET 12 VINTAGE DOILY CHALK ,1
22913,RED COAT RACK PARIS FASHION,1
47580,TEA TIME DES TEA COSY,1
21622,VINTAGE UNION JACK CUSHION COVER,1
22473,TV DINNER TRAY VINTAGE PAISLEY,1
22119,PEACE WOODEN BLOCK LETTERS,1
82613B,"METAL SIGN,CUPCAKE SINGLE HOOK",1
85132A,CHARLIE + LOLA BISCUITS TINS,1
20735,BLACK MINI TAPE MEASURE ,1
21272,SALLE DE BAIN HOOK,1
21288,STRIPEY CHOCOLATE NESTING BOXES,1
22248,DECORATION  PINK CHICK MAGIC GARDEN,1
23010,CIRCUS PARADE BABY GIFT SET,1
23331,DECORATIVE WICKER HEART SMALL,1
23531,WALL ART BIG LOVE ,1
21739,COSY SLIPPER SHOES SMALL GREEN,1
22152,PLACE SETTING WHITE STAR,1
70007,HI TEC ALPINE HAND WARMER,1
82613D,METAL SIGN CUPCAKE SINGLE HOOK,1
21530,DAIRY MAID TOASTRACK,1
22860,EASTER TIN CHICKS PINK DAISY,1
22521,CHILDS GARDEN TROWEL PINK,1
22233,JIGSAW RABBIT AND BIRDHOUSE,1
22472,TV DINNER TRAY DOLLY GIRL,1
22905,CALENDAR IN SEASON DESIGN,1
21466,RED FLOWER CROCHET FOOD COVER,1
21781,MA CAMPAGNE CUTLERY BOX,1
21830,ASSORTED CREEPY CRAWLIES,1
21206,STRAWBERRY HONEYCOMB  GARLAND ,1
22763,KEY CABINET MA CAMPAGNE,1
21675,BUTTERFLIES STICKERS,1
23267,SET OF 4 SANTA PLACE SETTINGS,1
23316,RED REFECTORY CLOCK ,1
22310,IVORY KNITTED MUG COSY ,1
21865,PINK UNION JACK  PASSPORT COVER ,1
84212,"ASSORTED FLOWER COLOUR ""LEIS""",1
21642,ASSORTED TUTTI FRUTTI PEN,1
22981,PANTRY APPLE CORER,1
23048,SET OF 10 LANTERNS FAIRY LIGHT STAR,1
23438, RED SPOT GIFT BAG LARGE,1
23400,SHELF WITH 4 HOOKS HOME SWEET HOME,1
20658,RED RETROSPOT LUGGAGE TAG,1
22811,SET OF 6 T-LIGHTS CACTI ,1
22684,FRENCH BLUE METAL DOOR SIGN 9,1
23338,EGG FRYING PAN RED ,1
21464,DISCO BALL ROTATOR BATTERY OPERATED,1
21125,SET 6 FOOTBALL CELEBRATION CANDLES,1
21794,CLASSIC FRENCH STYLE BASKET NATURAL,1
21358,TOAST ITS - HAPPY BIRTHDAY,1
21070,VINTAGE BILLBOARD MUG ,1
21927,BLUE/CREAM STRIPE CUSHION COVER ,1
22047,EMPIRE GIFT WRAP,1
23214,JINGLE BELL HEART ANTIQUE GOLD,1
22922,FRIDGE MAGNETS US DINER ASSORTED,1
21823,PAINTED METAL HEART WITH HOLLY BELL,1
21055,TOOL BOX SOFT TOY ,1
21822,GLITTER CHRISTMAS TREE WITH BELLS,1
22949,36 DOILIES DOLLY GIRL,1
20956,PORCELAIN T-LIGHT HOLDERS ASSORTED,1
22260,FELT EGG COSY BLUE RABBIT ,1
20886,BOX OF 9 PEBBLE CANDLES,1
85204,HANGING WOOD AND FELT FLOWER,1
84818,DANISH ROSE PHOTO FRAME,1
22230,JIGSAW TREE WITH WATERING CAN,1
23461,SWEETHEART BIRD HOUSE,1
47563A,RETRO LONGBOARD IRONING BOARD COVER,1
22471,TV DINNER TRAY AIR HOSTESS ,1
21064,BOOM BOX SPEAKER BOYS,1
84006,MAGIC TREE -PAPER FLOWERS,1
23271,CHRISTMAS TABLE CANDLE SILVER SPIKE,1
23500,KEY RING BASEBALL BOOT ASSORTED ,1
84968C,SET OF 16 VINTAGE PISTACHIO CUTLERY,1
21467,CHERRY CROCHET FOOD COVER,1
85071C,"CHARLIE+LOLA""EXTREMELY BUSY"" SIGN",1
20839,FRENCH PAISLEY CUSHION COVER ,1
21945,STRAWBERRIES  DESIGN FLANNEL ,1
21201,TROPICAL  HONEYCOMB PAPER GARLAND ,1
21626,VINTAGE UNION JACK PENNANT,1
21403,BLUE EGG  SPOON,1
21617,4 LILY  BOTANICAL DINNER CANDLES,1
22710,WRAP I LOVE LONDON ,1
22711,WRAP CIRCUS PARADE,1
23220,REINDEER HEART DECORATION GOLD,1
23543,KEEP CALM WALL ART ,1
23498,CLASSIC BICYCLE CLIPS ,1
22582,PACK OF 6 SWEETIE GIFT BOXES,1
22742,MAKE YOUR OWN PLAYTIME CARD KIT,1
22308,TEA COSY BLUE STRIPE,1
22514,CHILDS GARDEN SPADE BLUE,1
21211,SET OF 72 SKULL PAPER  DOILIES,1
22685,FRENCH BLUE METAL DOOR SIGN 0,1
21096,SET/6 FRUIT SALAD  PAPER PLATES,1
23357,HOT WATER BOTTLE SEX BOMB,1
23375,50'S CHRISTMAS PAPER GIFT BAG,1
22438,BALLOON ART MAKE YOUR OWN FLOWERS,1
22615,PACK OF 12 CIRCUS PARADE TISSUES ,1
37495,FAIRY CAKE BIRTHDAY CANDLE SET,1
21942,SKULLS DESIGN FLANNEL,1
22245,"HOOK, 1 HANGER ,MAGIC GARDEN",1
21846,PINK DIAMANTE PEN IN GIFT BOX,1
16225,RATTLE SNAKE EGGS,1
21812,GARLAND WITH HEARTS AND BELLS,1
22229,BUNNY WOODEN PAINTED WITH FLOWER ,1
15044A,PINK PAPER PARASOL ,1
21088,SET/6 FRUIT SALAD PAPER CUPS,1
23281,FOLDING BUTTERFLY MIRROR RED  ,1
23445,ICE CREAM BUBBLES,1
22912,YELLOW COAT RACK PARIS FASHION,1
22198,LARGE POPCORN HOLDER ,1
22547,MINI JIGSAW DINOSAUR ,1
22797,CHEST OF DRAWERS GINGHAM HEART ,1
35964,FOLKART CLIP ON STARS,1
22215,CAKE STAND WHITE TWO TIER LACE,1
21680,WOODLAND  STICKERS,1
23009,I LOVE LONDON BABY GIFT SET,1
23490,T-LIGHT HOLDER HANGING LOVE BIRD,1
21063,PARTY INVITES JAZZ HEARTS,1
20669,RED HEART LUGGAGE TAG,1
22497,SET OF 2 TINS VINTAGE BATHROOM ,1
22660,DOORMAT I LOVE LONDON,1
85170D,SET/6 PINK BIRD T-LIGHT CANDLES,1
22334,DINOSAUR PARTY BAG + STICKER SET,1
47566b,TEA TIME PARTY BUNTING,1
84968A,SET OF 16 VINTAGE ROSE CUTLERY,1
23065,LARGE DECO JEWELLERY STAND,1
23511,EMBROIDERED RIBBON REEL EMILY ,1
20966,SANDWICH BATH SPONGE,1
22500,SET OF 2 TINS JARDIN DE PROVENCE,1
21107,CREAM SLICE FLANNEL PINK SPOT ,1
21944,KITTENS DESIGN FLANNEL,1
84598,BOYS ALPHABET IRON ON PATCHES,1
22399,MAGNETS PACK OF 4 CHILDHOOD MEMORY,1
17084N,FAIRY DREAMS INCENSE ,1
22129,PARTY CONES CANDY TREE DECORATION,1
16219,HOUSE SHAPE PENCIL SHARPENER,1
22708,WRAP DOLLY GIRL,1
23347,I LOVE LONDON BEAKER,1
22277,COSMETIC BAG VINTAGE ROSE PAISLEY,1
35095A,BLUE VICTORIAN FABRIC OVAL BOX,1
22325,MOBILE VINTAGE HEARTS ,1
21624,VINTAGE UNION JACK DOORSTOP,1
40016,CHINESE DRAGON PAPER LANTERNS,1
22264,FELT FARM ANIMAL WHITE BUNNY ,1
22414,DOORMAT NEIGHBOURHOOD WITCH ,1
84569D,PACK 6 HEART/ICE-CREAM PATCHES,1
22282,12 EGG HOUSE PAINTED WOOD,1
22495,SET OF 2 ROUND TINS CAMEMBERT ,1
21618,4 WILDFLOWER BOTANICAL CANDLES,1
21246,RED RETROSPOT BIG BOWL,1
15058B,PINK POLKADOT GARDEN PARASOL,1
22266,EASTER DECORATION HANGING BUNNY,1
23226,FILIGREE HEART DAISY WHITE,1
23335,EGG FRYING PAN IVORY ,1
23373,VINTAGE CHRISTMAS PAPER GIFT BAG,1
23435,3 RAFFIA RIBBONS VINTAGE CHRISTMAS,1
22911,PAPER CHAIN KIT LONDON,1
17012D,ORIGAMI ROSE INCENSE/CANDLE SET ,1
22953,BIRTHDAY PARTY CORDON BARRIER TAPE,1
20619,TROPICAL PASSPORT COVER ,1
21820,GLITTER HEART GARLAND WITH BELLS ,1
22985,"WRAP, BILLBOARD FONTS DESIGN",1
20655,QUEEN OF SKIES LUGGAGE TAG,1
17091J,VANILLA INCENSE IN TIN,1
22598,CHRISTMAS MUSICAL ZINC TREE,1
22236,CAKE STAND 3 TIER MAGIC GARDEN,1
23161,REGENCY CAKE FORK,1
23217,LAUREL HEART ANTIQUE SILVER,1
85199L,LARGE HANGING IVORY & RED WOOD BIRD,1
22162,HEART GARLAND RUSTIC PADDED,1
22479,DAISY GARDEN MARKER,1
35095B,RED VICTORIAN FABRIC OVAL BOX,1
82613C,"METAL SIGN,CUPCAKE SINGLE HOOK",1
84923,PINK BUTTERFLY HANDBAG W BOBBLES,1
21789,KIDS RAIN MAC PINK,1
84459A,PINK METAL CHICKEN HEART ,1
22085,PAPER CHAIN KIT SKULLS ,1
23269,SET OF 2 CERAMIC CHRISTMAS TREES,1
23123,COCKTAIL SWORDS 50 PIECES,1
85032D,YULETIDE IMAGES GIFT WRAP SET,1
21354,TOAST ITS - BEST MUM,1
21735,TWO DOOR CURIO CABINET,1
20615,BLUE POLKADOT PASSPORT COVER,1
85036C,ROSE 1 WICK MORRIS BOXED CANDLE,1
22280,POCKET BAG PINK PAISELY BROWN SPOT,1
23268,SET OF 2 CERAMIC CHRISTMAS REINDEER,1
22117,METAL SIGN HER DINNER IS SERVED ,1
21111,"SWISS ROLL TOWEL, CHOCOLATE  SPOTS",1
21879,HEARTS GIFT TAPE,1
22220,CAKE STAND LOVEBIRD 2 TIER WHITE,1
22924,FRIDGE MAGNETS LA VIE EN ROSE,1
22343,PARTY PIZZA DISH RED RETROSPOT,1
35646,VINTAGE BEAD PINK EVENING BAG,1
23485,BOTANICAL GARDENS WALL CLOCK ,1
22575,METAL MERRY CHRISTMAS WREATH,1
72598,SET/12 TAPER CANDLES,1
17012F,ORIGAMI SANDLEWOOD INCENSE/CAND SET,1
21191,LARGE WHITE HONEYCOMB PAPER BELL  ,1
84459B,YELLOW METAL CHICKEN HEART ,1
21059,PARTY INVITES DINOSAURS,1
84951A,SET OF 4 PISTACHIO LOVEBIRD COASTER,1
15058A,BLUE POLKADOT GARDEN PARASOL,1
21395,BLUE POLKADOT BEAKER ,1
23502,PLAYING CARDS VINTAGE DOILEY ,1
21065,BOOM BOX SPEAKER GIRLS,1
10125,MINI FUNKY DESIGN TAPES,1
21192,WHITE BELL HONEYCOMB PAPER ,1
21742,LARGE ROUND WICKER PLATTER ,1
22071,SMALL WHITE RETROSPOT MUG IN BOX ,1
84559A,3D SHEET OF DOG STICKERS,1
22443,GROW YOUR OWN HERBS SET OF 3,1
21209,MULTICOLOUR HONEYCOMB FAN,1
22540,MINI JIGSAW CIRCUS PARADE ,1
20866,BLUE ROSE FABRIC MIRROR,1
22092,BLUE PAISLEY TISSUE BOX,1
84944,SET OF 6 KASHMIR FOLKART BAUBLES,1
21884,CAKES AND BOWS GIFT  TAPE,1
35971,ROSE FOLKART HEART DECORATIONS,1
84581,DOG TOY WITH PINK CROCHET SKIRT,1
22591,CARDHOLDER GINGHAM CHRISTMAS TREE,1
21043,APRON MODERN VINTAGE COTTON,1
21402,RED  EGG  SPOON,1
23164,REGENCY CAKE SLICE,1
23225,CHERUB HEART DECORATION SILVER ,1
23034,DRAWER KNOB CERAMIC BLACK,1
22533,MAGIC DRAWING SLATE BAKE A CAKE ,1
85116,BLACK CANDELABRA T-LIGHT HOLDER,1
85049F,BABY BOOM RIBBONS ,1
21039,RED RETROSPOT SHOPPING BAG,1
23085,ANTIQUE SILVER BAUBLE LAMP  ,1
23223,CHRISTMAS TREE HANGING SILVER ,1
23358,HOT STUFF HOT WATER BOTTLE,1
23433,HANGING QUILTED PATCHWORK APPLES,1
23470,CARD HOLDER LOVE BIRD LARGE ,1
23542,70'S ALPHABET WALL ART,1
22118,JOY WOODEN BLOCK LETTERS,1
21469,POLKA DOT RAFFIA FOOD COVER,1
22519,CHILDS GARDEN BRUSH PINK,1
22246,MAGIC GARDEN FELT GARLAND ,1
84659A,WHITE TRAVEL ALARM CLOCK,1
85035A,GARDENIA 3 WICK MORRIS BOXED CANDLE,1
21788,KIDS RAIN MAC BLUE,1
22363,GLASS JAR MARMALADE ,1
21845,DAIRY MAID STRIPE MUG,1
72802B,OCEAN SCENT CANDLE IN JEWELLED BOX,1
22339,CHRISTMAS TREE PAINTED ZINC ,1
15044C,PURPLE PAPER PARASOL,1
85094,CANDY SPOT EGG WARMER RABBIT,1
23153,ZINC SWEETHEART WIRE LETTER RACK,1
20846,ZINC HEART LATTICE T-LIGHT HOLDER,1
21220,SET/4 BADGES DOGS,1
22317,FIVE CATS HANGING DECORATION,1
85169A,IVORY LOVE BIRD CANDLE,1
21219,SET/4 BADGES BALLOON GIRL,1
22509,SEWING BOX RETROSPOT DESIGN ,1
22799,SWEETHEART WIRE FRUIT BOWL,1
37327,ASSTD MULTICOLOUR CIRCLES MUG,1
22201,FRYING PAN BLUE POLKADOT,1
85183A,CHARLIE & LOLA WASTEPAPER BIN BLUE,1
22168,ORGANISER WOOD ANTIQUE WHITE ,1
22923,FRIDGE MAGNETS LES ENFANTS ASSORTED,1
21069,VINTAGE BILLBOARD TEA MUG,1
22136,LOVE HEART SOCK HANGER,1
21208,PASTEL COLOUR HONEYCOMB FAN,1
22166,WALL MIRROR RECTANGLE DIAMANTE PINK,1
85093,CANDY SPOT EGG WARMER HARE,1
46776F,WOVEN ROSE GARDEN CUSHION COVER ,1
23075,DOUBLE CERAMIC PARLOUR HOOK,1
23249,VINTAGE RED ENAMEL TRIM PLATE,1
23391, I LOVE LONDON MINI BACKPACK,1
84519A,TOMATO CHARLIE+LOLA COASTER SET,1
22276,WASH BAG VINTAGE ROSE PAISLEY,1
22359,GLASS JAR KINGS CHOICE,1
22515,CHILDS GARDEN SPADE PINK,1
46776B,WOVEN BERRIES CUSHION COVER ,1
22524,CHILDRENS GARDEN GLOVES BLUE,1
85034A,3 GARDENIA MORRIS BOXED CANDLES,1
22546,MINI JIGSAW PURDEY,1
90114,SUMMER DAISIES BAG CHARM,1
47480,HANGING PHOTO CLIP ROPE LADDER,1
85173,SET/6 FROG PRINCE T-LIGHT CANDLES,1
22232,JIGSAW TOADSTOOLS 3 PIECE,1
23183,MOTHER'S KITCHEN SPOON REST ,1
23138,SINGLE WIRE HOOK IVORY HEART,1
23419,HOME SWEET HOME BOTTLE ,1
23530,WALL ART ONLY ONE PERSON ,1
23452,HEART MINI PORTRAIT FRAME,1
17012B,ORIGAMI JASMINE INCENSE/CANDLE SET,1
17012C,ORIGAMI LAVENDER INCENSE/CANDL SET ,1
21067,VINTAGE RED TEATIME MUG,1
21828,EIGHT PIECE SNAKE  SET,1
15044D,RED PAPER PARASOL,1
22062,CERAMIC BOWL WITH LOVE HEART DESIGN,1
23066,SMALL DECO JEWELLERY STAND,1
23336,EGG FRYING PAN PINK ,1
23315,IVORY REFECTORY CLOCK,1
22760,"TRAY, BREAKFAST IN BED",1
22336,DOVE DECORATION PAINTED ZINC ,1
84913B,MINT GREEN ROSE TOWEL,1
82616C,MIDNIGHT GLAMOUR SCARF KNITTING KIT,1
85071D,CHARLIE+LOLA MY ROOM DOOR SIGN,1
20967,GREY FLORAL FELTCRAFT SHOULDER BAG,1
20832,RED FLOCK LOVE HEART PHOTO FRAME,1
23181,BULL DOG BOTTLE TOP WALL CLOCK,1
23401,RUSTIC MIRROR WITH LACE HEART,1
23536,VILLAGE SHOW WALL ART,1
21448,12 DAISY PEGS IN WOOD BOX,1
85231G,ORANGE SCENTED SET/9 T-LIGHTS,1
84558A,3D DOG PICTURE PLAYING CARDS,1
22217,T-LIGHT HOLDER HANGING LACE,1
72586,SET OF 6 HALLOWEEN GHOST T-LIGHTS,1
22442,GROW YOUR OWN FLOWERS SET OF 3,1
85185B,PINK HORSE SOCK PUPPET,1
22406,MONEY BOX KINGS CHOICE DESIGN,1
22518,CHILDS GARDEN BRUSH BLUE,1
21640,ASSORTED TUTTI FRUTTI  FOB NOTEBOOK,1
21204,DAISIES  HONEYCOMB GARLAND ,1
20801,LARGE PINK GLASS SUNDAE DISH,1
22526,WHEELBARROW FOR CHILDREN ,1
22267,EASTER DECORATION EGG BUNNY ,1
23067,HANGING ENGRAVED METAL HEART,1
23545,WRAP RED DOILEY,1
23566,EGG CUP MILKMAID HEIDI,1
20652,BLUE POLKADOT LUGGAGE TAG ,1
22354,RETROSPOT PADDED SEAT CUSHION,1
15056n,EDWARDIAN PARASOL NATURAL,1
37413,,1
21061,PARTY INVITES FOOTBALL,1
72818,CHRISTMAS DECOUPAGE CANDLE,1
22453,MEASURING TAPE BABUSHKA BLUE,1
22299,PIG KEYRING WITH LIGHT & SOUND ,1
21195,PINK  HONEYCOMB PAPER BALL ,1
21262,WHITE GOOSE FEATHER CHRISTMAS TREE ,1
35965,FOLKART HEART NAPKIN RINGS,1
22559,SEASIDE FLYING DISC,1
21401,BLUE PUDDING SPOON,1
84637,KITCHEN FLOWER POTS WALL PLAQUE,1
84951B,SET OF 4 BLACK LOVEBIRD COASTERS,1
22287,"DECORATION , WOBBLY CHICKEN, METAL ",1
47585A,PINK FAIRY CAKE CUSHION COVER,1
23020,GLASS  SONGBIRD STORAGE JAR,1
23317,BLUE REFECTORY CLOCK ,1
23381,PACK OF 12 VINTAGE LEAF TISSUES ,1
84880,WHITE WIRE EGG HOLDER,1
84596E,SMALL LICORICE DES PINK BOWL,1
84520B,PACK 20 ENGLISH ROSE PAPER NAPKINS,1
85212,MINI PAINTED GARDEN DECORATION ,1
72349b,SET/6 PURPLE BUTTERFLY T-LIGHTS,1
20767,BLUE PAISLEY JOURNAL ,1
21112,"SWISS ROLL TOWEL, PINK  SPOTS",1
84356,POMPOM CURTAIN,1
22204,MILK PAN BLUE POLKADOT,1
21724,PANDA AND BUNNIES STICKER SHEET,1
22589,CARDHOLDER GINGHAM STAR,1
85186A,EASTER BUNNY GARLAND OF FLOWERS,1
21147,JINGLE BELLS TREE DECORATION,1
22496,SET OF 2 ROUND TINS DUTCH CHEESE,1
22832,BROCANTE SHELF WITH HOOKS,1
22031,BOTANICAL LAVENDER BIRTHDAY CARD,1
21636,MADRAS NOTEBOOK MEDIUM,1
23094,LE GRAND TRAY CHIC SET,1
23444,,1
23412,HEART MIRROR ANTIQUE WHITE,1
22128,PARTY CONES CANDY ASSORTED,1
21609,SET 12 LAVENDER  BOTANICAL T-LIGHTS,1
20777,CHRYSANTHEMUM NOTEBOOK,1
21352,EUCALYPTUS & PINECONE  WREATH,1
84509B,SET OF 4 FAIRY CAKE PLACEMATS,1
21581,SKULLS  DESIGN  COTTON TOTE BAG,1
22307,GOLD MUG BONE CHINA TREE OF LIFE,1
21199,PINK  HEART CONFETTI IN TUBE,1
85186C,BUNNY EGG GARLAND,1
23187,FRENCH STYLE STORAGE JAR BONBONS,1
23359,SET OF 12 T-LIGHTS VINTAGE DOILEY,1
23431,NATURAL HANGING QUILTED HEARTS ,1
23418,LAVENDER TOILETTE BOTTLE,1
23483,HANGING  BUTTERFLY T-LIGHT HOLDER,1
23491,VINTAGE JINGLE BELLS HEART,1
23486,ANTIQUE HEART SHELF UNIT,1
90200D,PINK SWEETHEART BRACELET,1
85114B,IVORY ENCHANTED FOREST PLACEMAT,1
72799E,IVORY PILLAR CANDLE SILVER FLOCK,1
84884A,ANT WHITE WIRE HEART SPIRAL,1
21881,CUTE CATS TAPE,1
21465,PINK FLOWER CROCHET FOOD COVER,1
22705,WRAP GREEN PEARS ,1
20686,DOLLY MIXTURE CHILDREN'S UMBRELLA,1
35924,HANGING FAIRY CAKE DECORATION,1
22223,CAKE PLATE LOVEBIRD PINK,1
21792,CLASSIC FRENCH STYLE BASKET GREEN ,1
22820,GIFT BAG BIRTHDAY,1
22934,BAKING MOULD EASTER EGG WHITE CHOC,1
22258,FELT FARM ANIMAL RABBIT,1
23160,REGENCY TEA SPOON,1
23088,ZINC HEART FLOWER T-LIGHT HOLDER,1
23222,CHRISTMAS TREE HANGING GOLD,1
23398,HANGING HEART BONHEUR,1
85114C,RED ENCHANTED FOREST PLACEMAT,1
21576,LETS GO SHOPPING COTTON TOTE BAG,1
79191C,RETRO PLASTIC ELEPHANT TRAY,1
22341,LOVE GARLAND PAINTED ZINC ,1
22337,ANGEL DECORATION PAINTED ZINC ,1
20764,ABSTRACT CIRCLES SKETCHBOOK ,1
35810A,ENAMEL PINK COFFEE CONTAINER,1
D,Discount,1
84849B,FAIRY SOAP SOAP HOLDER,1
22545,MINI JIGSAW BUNNIES,1
20840,FRENCH FLORAL CUSHION COVER ,1
22124,SET OF 2 TEA TOWELS PING MICROWAVE,1
22320,BIRDS MOBILE VINTAGE DESIGN,1
21399,BLUE POLKADOT COFFEE MUG,1
22525,CHILDRENS GARDEN GLOVES PINK,1
22255,FELT TOADSTOOL  SMALL,1
82616B,FRAPPUCINO SCARF KNITTING KIT,1
22344,PARTY PIZZA DISH PINK POLKADOT,1
22416,SET OF 36 DOILIES SPACEBOY DESIGN ,1
85194L,HANGING SPRING FLOWER EGG LARGE,1
22046,TEA PARTY  WRAPPING PAPER ,1
84279B,,1
23339,EGG FRYING PAN BLUE ,1
23326,HANGING MINI COLOURED BOTTLES,1
23379,PACK OF 12 RED APPLE TISSUES,1
22067,CHOC TRUFFLE GOLD TRINKET POT ,1
85132B,CHARLIE AND LOLA TABLE TINS,1
21294,ETCHED GLASS COASTER,1
22808,SET OF 6 T-LIGHTS EASTER CHICKS,1
21424,WOODLAND STORAGE BOX LARGE ,1
22073,RED RETROSPOT STORAGE JAR,1
20716,PARTY FOOD SHOPPER BAG,1
84912A,PINK ROSE WASHBAG,1
21222,SET/4 BADGES BEETLES,1
20618,QUEEN OF THE SKIES PASSPORT COVER ,1
21793,CLASSIC FRENCH STYLE BASKET BROWN,1
23432,PRETTY HANGING QUILTED HEARTS,1
23564,EGG CUP MILKMAID INGRID,1
21062,PARTY INVITES SPACEMAN,1
22480,RED TEA TOWEL CLASSIC DESIGN,1
22345,PARTY PIZZA DISH BLUE POLKADOT,1
22324,BLUE POLKADOT KIDS BAG,1
18097C,WHITE TALL PORCELAIN T-LIGHT HOLDER,1
21205,MULTICOLOUR 3D BALLS GARLAND,1
21200,MULTICOLOUR HONEYCOMB PAPER GARLAND,1
84997d,PINK 3 PIECE POLKADOT CUTLERY SET,1
22532,MAGIC DRAWING SLATE LEAP FROG ,1
85194S,HANGING SPRING FLOWER EGG SMALL,1
23033,DRAWER KNOB CERAMIC RED,1
23514,EMBROIDERED RIBBON REEL SALLY ,1
22785,SQUARECUSHION COVER PINK UNION FLAG,1
21056,DOCTOR'S BAG SOFT TOY,1
22393,PAPERWEIGHT VINTAGE COLLAGE,1
85232D,SET/3 DECOUPAGE STACKING TINS,1
22021,BLUE FELT EASTER EGG BASKET,1
21171,BATHROOM METAL SIGN ,1
22932,BAKING MOULD TOFFEE CUP CHOCOLATE,1
22782,SET 3 WICKER STORAGE BASKETS ,1
21707,FOLDING UMBRELLA BLACKBLUE POLKADOT,1
21198,WHITE HEART CONFETTI IN TUBE,1
23405,HOME SWEET HOME 2 DRAWER CABINET,1
23469,CARD HOLDER LOVE BIRD SMALL,1
10002,INFLATABLE POLITICAL GLOBE ,1
22517,CHILDS GARDEN RAKE PINK,1
72816,SET/3 CHRISTMAS DECOUPAGE CANDLES,1
20770,ABSTRACT CIRCLE JOURNAL ,1
21189,WHITE HONEYCOMB PAPER GARLAND ,1
21462,"NURSERY A,B,C PAINTED LETTERS",1
22405,MONEY BOX POCKET MONEY DESIGN,1
21361,LOVE LARGE WOOD LETTERS ,1
21882,SKULLS TAPE,1
15058C,ICE CREAM DESIGN GARDEN PARASOL,1
23178,JAM CLOCK MAGNET,1
23186,FRENCH STYLE STORAGE JAR CAFE ,1
23107,WHITE WIRE PLANT POT HOLDER,1
23224,CHERUB HEART DECORATION GOLD,1
22706,WRAP COWBOYS  ,1
85035B,CHOCOLATE 3 WICK MORRIS BOX CANDLE,1
22504,CABIN BAG VINTAGE RETROSPOT,1
72802A,ROSE SCENT CANDLE IN JEWELLED BOX,1
22252,BIRDCAGE DECORATION TEALIGHT HOLDER,1
85036A,GARDENIA 1 WICK MORRIS BOXED CANDLE,1
85170C,SET/6 EAU DE NIL BIRD T-LIGHTS,1
85159B,"WHITE TEA,COFFEE,SUGAR JARS",1
84929,ASSTD FRUIT+FLOWERS FRIDGE MAGNETS,1
21400,RED PUDDING SPOON,1
23253,16 PIECE CUTLERY SET PANTRY DESIGN,1
23515,EMBROIDERED RIBBON REEL DAISY ,1
22529,MAGIC DRAWING SLATE GO TO THE FAIR ,1
21586,KINGS CHOICE GIANT TUBE MATCHES,1
21804,WHITE CHRISTMAS GARLAND STARS TREES,1
22265,EASTER DECORATION NATURAL CHICK,1
85135C,RED DRAGONFLY HELICOPTER,1
20616,CHERRY BLOSSOM PASSPORT COVER,1
20931,BLUE POT PLANT CANDLE ,1
21060,PARTY INVITES BALLOON GIRL,1
21026,SPACE OWL,1
85187,S/12 MINI RABBIT EASTER,1
16008,SMALL FOLDING SCISSOR(POINTED EDGE),1
35911A,MULTICOLOUR RABBIT EGG WARMER,1
16045,POPART WOODEN PENCILS ASST,1
23513,EMBROIDERED RIBBON REEL SUSIE ,1
22862,LOVE HEART NAPKIN BOX ,1
79030G,"TUMBLER, NEW ENGLAND",1
21537,RED RETROSPOT PUDDING BOWL,1
21648,ASSORTED TUTTI FRUTTI SMALL PURSE,1
84596J,MIXED NUTS LIGHT GREEN BOWL,1
21925,UNION STRIPE CUSHION COVER ,1
20998,ROSE DU SUD OVEN GLOVE,1
84997b,RED 3 PIECE RETROSPOT CUTLERY SET,1
21555,CERAMIC STRAWBERRY TRINKET TRAY,1
46776A,WOVEN BUBBLE GUM CUSHION COVER,1
22101,MIRROR MOSAIC VOTIVE HOLDER,1
21194,PINK  HONEYCOMB PAPER FAN,1
23087,ZINC  HEART T-LIGHT HOLDER,1
21849,SILVER DIAMANTE PEN IN GIFT BOX,1
21417,COCKLE SHELL DISH,1
16048,TEATIME ROUND PENCIL SHARPENER ,1
23337,EGG FRYING PAN MINT ,1
23402,HOME SWEEET HOME 3 PEG HANGER ,1
23423,PANTRY 3 HOOK ROLLING PIN HANGER,1
23553,LANDMARK FRAME CAMDEN TOWN ,1
22313,OFFICE MUG WARMER PINK,1
22216,T-LIGHT HOLDER WHITE LACE,1
21167,WHITE SAGE INCENSE,1
85039C,S/4 BLACK MINI ROSE CANDLE IN BOWL,1
21248,,1
22513,DOORSTOP FOOTBALL DESIGN,1
84509a,SET OF 4 ENGLISH ROSE PLACEMATS,1
23509,MINI PLAYING CARDS FUN FAIR ,1
17012A,ORIGAMI VANILLA INCENSE/CANDLE SET ,1
21817,GLITTER CHRISTMAS TREE,1
35967,FOLK ART METAL STAR T-LIGHT HOLDER,1
85123a,WHITE HANGING HEART T-LIGHT HOLDER,1
22461,SAVOY ART DECO CLOCK,1
20775,DAISY NOTEBOOK ,1
21972,SET OF 36 DINOSAUR PAPER DOILIES,1
23026,DRAWER KNOB VINTAGE GLASS STAR,1
21708,FOLDING UMBRELLA CREAM POLKADOT,1
20772,GARDEN PATH JOURNAL,1
22444,GROW YOUR OWN PLANT IN A CAN ,1
22043,CHRISTMAS CARD SCREEN PRINT ,1
85129D,BEADED CRYSTAL HEART PINK SMALL,1
20761,BLUE PAISLEY SKETCHBOOK,1
21002,ROSE DU SUD DRAWSTRING BAG,1
21422,PORCELAIN ROSE SMALL,1
84509G,SET OF 4 FAIRY CAKE PLACEMATS ,1
72232,FENG SHUI PILLAR CANDLE,1
84970s,HANGING HEART ZINC T-LIGHT HOLDER,1
84673B,BLUE FLY SWAT,1
84997c,BLUE 3 PIECE POLKADOT CUTLERY SET,1
21468,BUTTERFLY CROCHET FOOD COVER,1
22770,MIRROR CORNICE,1
21397,BLUE POLKADOT EGG CUP ,1
84968F,SET OF 16 VINTAGE SKY BLUE CUTLERY,1
84569A,PACK 3 IRON ON DOG PATCHES,1
22516,CHILDS GARDEN RAKE BLUE,1
22935,BAKING MOULD ROSE MILK CHOCOLATE,1
16016,LARGE CHINESE STYLE SCISSOR,1
84754,S/15 SILVER GLASS BAUBLES IN BAG,1
85177,BASKET OF FLOWERS SEWING KIT,1
22777,GLASS BELL JAR LARGE,1
20659,ECONOMY LUGGAGE TAG,1
20802,SMALL GLASS SUNDAE DISH CLEAR,1
35809A,ENAMEL PINK TEA CONTAINER,1
22057,CERAMIC PLATE STRAWBERRY DESIGN,1
84748,FOLK FELT HANGING MULTICOL GARLAND,1
22857,ASSORTED EASTER GIFT TAGS,1
85180A,RED HEARTS LIGHT CHAIN ,1
35923,CANDY HEART HANGING DECORATION,1
84997a,GREEN 3 PIECE POLKADOT CUTLERY SET,1
23414,ZINC BOX SIGN HOME,1
23565,EGG CUP MILKMAID HELGA ,1
47421,ASSORTED COLOUR LIZARD SUCTION HOOK,1
21821,GLITTER STAR GARLAND WITH BELLS ,1
79302M,"ART LIGHTS,FUNK MONKEY",1
21398,RED POLKADOT COFFEE  MUG,1
22788,BROCANTE COAT RACK,1
16218,CARTOON  PENCIL SHARPENERS,1
84819,DANISH ROSE ROUND SEWING BOX,1
79190A,RETRO PLASTIC 70'S TRAY,1
22319,HAIRCLIPS FORTIES FABRIC ASSORTED,1
22281,EASTER TREE YELLOW BIRDS,1
23219,LAUREL STAR ANTIQUE SILVER ,1
23113,Damaged,1
23550,WRAP ALPHABET POSTER  ,1
23524,HORSE & PONY WALL ART,1
21654,RIDGED GLASS FINGER BOWL,1
20867,PINK ROSE FABRIC MIRROR,1
21851,LILAC DIAMANTE PEN IN GIFT BOX,1
20856,DENIM PATCH PURSE PINK BUTTERFLY,1
40001,WHITE BAMBOO RIBS LAMPSHADE,1
20755,BLUE PAISLEY POCKET BOOK,1
22288,HANGING METAL RABBIT DECORATION,1
85130D,BEADED CRYSTAL HEART PINK LARGE,1
22108,PING! MICROWAVE PLATE,1
21253,SET OF PICTURE FRAME  STICKERS,1
72122,COFFEE SCENT PILLAR CANDLE,1
S,SAMPLES,1
23073,GEORGIAN TRINKET BOX,1
23099,FRENCH CARRIAGE LANTERN,1
23517,EMBROIDERED RIBBON REEL REBECCA ,1
85169B,BLACK LOVE BIRD CANDLE,1
21441,BLUE BIRDHOUSE DECORATION,1
15044B,BLUE PAPER PARASOL ,1
21643,ASSORTED TUTTI FRUTTI MIRROR,1
22304,COFFEE MUG BLUE PAISLEY DESIGN,1
15056bl,EDWARDIAN PARASOL BLACK,1
21580,RABBIT  DESIGN  COTTON TOTE BAG,1
85130B,BEADED CRYSTAL HEART GREEN LARGE,1
84817,DANISH ROSE DECORATIVE PLATE,1
35915C,PEACH KNITTED HEN ,1
21926,RED/CREAM STRIPE CUSHION COVER ,1
23547,WRAP FLOWER SHOP  ,1
23408,PHOTO FRAME LINEN AND LACE SMALL,1
22100,SKULLS SQUARE TISSUE BOX,1
21676,FLOWERS  STICKERS,1
20765,CHRYSANTHEMUM SKETCHBOOK ,1
22450,SILK PURSE BABUSHKA BLUE,1
82494l,WOODEN FRAME ANTIQUE WHITE ,1
85111,SILVER GLITTER FLOWER VOTIVE HOLDER,1
62018,SOMBRERO ,1
21723,ALPHABET HEARTS STICKER SHEET,1
22346,PARTY PIZZA DISH GREEN POLKADOT,1
22254,FELT TOADSTOOL LARGE,1
23413,VINTAGE COFFEE GRINDER BOX,1
16258A,SWIRLY CIRCULAR RUBBERS IN BAG,1
35954,SMALL FOLKART STAR CHRISTMAS DEC,1
22181,SNOWSTORM PHOTO FRAME FRIDGE MAGNET,1
20766,GARDEN PATH SKETCHBOOK,1
85214,TUB 24 PINK FLOWER PEGS,1
35651,VINTAGE BEAD PINK SCARF ,1
21442,GREEN BIRDHOUSE DECORATION,1
22032,BOTANICAL LILY GREETING CARD,1
23454,SET OF 3 MINI HANGING PORTRAITS,1
21520,BOOZE & WOMEN GREETING CARD ,1
47591B,SCOTTIES CHILDRENS APRON,1
22409,MONEY BOX BISCUITS DESIGN,1
21709,FOLDING UMBRELLA CHOCOLATE POLKADOT,1
21719,LOVELY BONBON STICKER SHEET,1
84763,ZINC FINISH 15CM PLANTER POTS,1
47422,ASSORTED MONKEY SUCTION CUP HOOK,1
85179A,GREEN BITTY LIGHT CHAIN,1
21683,MEDIUM MEDINA STAMPED METAL BOWL ,1
21311,SET/4 BIRD MIRROR MAGNETS ,1
46776C,WOVEN FROST CUSHION COVER,1
22104,MIRROR MOSAIC CANDLE PLATE,1
22903,CALENDAR FAMILY FAVOURITES,1
79190B,RETRO PLASTIC POLKA TRAY,1
22270,HAPPY EASTER HANGING DECORATION,1
47594B,SCOTTIES DESIGN WASHBAG,1
23425,STORAGE TIN HOME SWEET HOME,1
23554,LANDMARK FRAME OXFORD STREET,1
23462,ROCOCO WALL MIRROR WHITE,1
23695,DOILY THANK YOU CARD,1
22451,SILK PURSE BABUSHKA RED,1
21688,SILVER PLATE CANDLE BOWL SMALL,1
17129F,BLUE GLASS GEMS IN BAG,1
22640,SET OF 4 NAPKIN CHARMS 3 KEYS ,1
84559B,3D SHEET OF CAT STICKERS,1
21682,LARGE MEDINA STAMPED METAL BOWL ,1
79160,HEART SHAPE WIRELESS DOORBELL,1
22700,BLACK AND WHITE DOG BOWL,1
21028,NINJA RABBIT BLACK,1
22410,MONEY BOX HOUSEKEEPING DESIGN,1
20838,FRENCH LATTICE CUSHION COVER ,1
23411, TRELLIS COAT RACK,1
23512,EMBROIDERED RIBBON REEL ROSIE,1
17021,NAMASTE SWAGAT INCENSE,1
22543,MINI JIGSAW BAKE A CAKE ,1
20902,VINTAGE KEEPSAKE BOX PARIS DAYS,1
90209B,GREEN ENAMEL+GLASS HAIR COMB,1
22316,200 BENDY SKULL STRAWS,1
20903,VINTAGE KEEPSAKE BOX TRAVELOGUE,1
21318,GLASS CHALICE BLUE SMALL ,1
23556,LANDMARK FRAME COVENT GARDEN ,1
85136A,YELLOW SHARK HELICOPTER,1
21850,BLUE  DIAMANTE PEN IN GIFT BOX,1
20768,GREEN FERN JOURNAL ,1
85114A,BLACK ENCHANTED FOREST PLACEMAT,1
90214A,"LETTER ""A"" BLING KEY RING",1
21025,SPACE FROG,1
21066,VINTAGE RED MUG,1
47591d,PINK FAIRY CAKE CHILDRENS APRON,1
22256,FELT FARM ANIMAL CHICKEN,1
20762,GREEN FERN SKETCHBOOK ,1
84510C,SET OF 4 POLKADOT COASTERS,1
84968D,SET OF 16 VINTAGE RED CUTLERY,1
84247E,PACK/12 XMAS FUN CARD,1
22214,CANDLE PLATE LACE WHITE,1
21386,IVORY HANGING DECORATION  EGG,1
22687,DOORMAT CHRISTMAS VILLAGE,1
22511,RETROSPOT BABUSHKA DOORSTOP,1
21579,LOLITA  DESIGN  COTTON TOTE BAG,1
84086C,PINK/PURPLE RETRO RADIO,1
85127,SMALL SQUARE CUT GLASS CANDLESTICK,1
18098C,PORCELAIN BUTTERFLY OIL BURNER,1
20700,GREEN CAT FLORAL CUSHION COVER ,1
47594A,CAROUSEL DESIGN WASHBAG,1
84993A,75 GREEN PETIT FOUR CASES,1
21287,SCENTED VELVET LOUNGE CANDLE ,1
85036B,CHOCOLATE 1 WICK MORRIS BOX CANDLE,1
84251B,"GREETING CARD, STICKY GORDON",1
22263,FELT EGG COSY LADYBIRD ,1
21747,SMALL SKULL WINDMILL,1
23003,TRAVEL CARD WALLET VINTAGE ROSE ,1
23057,GEMSTONE CHANDELIER T-LIGHT HOLDER,1
23041,PAPER LANTERN 9 POINT SNOW STAR,1
23025,DRAWER KNOB VINTAGE GLASS BALL,1
23525,BUFFALO BILL WALL ART ,1
23558,LANDMARK FRAME LONDON BRIDGE ,1
16014,SMALL CHINESE STYLE SCISSOR,1
21106,CREAM SLICE FLANNEL CHOCOLATE SPOT ,1
21000,ROSE DU SUD COSMETICS BAG,1
21365,MIRRORED WALL ART STARS,1
79144B,PAINTED LIGHTBULB STAR+ MOON,1
22482,BLUE TEA TOWEL CLASSIC DESIGN,1
21221,SET/4 BADGES CUTE CREATURES,1
21051,RIBBONS PURSE ,1
84849A,HELLO SAILOR BLUE SOAP HOLDER,1
35653,VINTAGE BEAD NOTEBOOK,1
23106,ZINC HEARTS PLANT POT HOLDER,1
23451,SQUARE MINI PORTRAIT FRAME,1
23555,LANDMARK FRAME NOTTING HILL ,1
71270,PHOTO CLIP LINE,1
21743,STAR PORTABLE TABLE LIGHT ,1
85172,HYACINTH BULB T-LIGHT CANDLES,1
22642,SET OF 4 NAPKIN CHARMS STARS   ,1
22638,SET OF 4 NAPKIN CHARMS CROWNS ,1
22272,FELTCRAFT DOLL MARIA,1
85159A,"BLACK TEA,COFFEE,SUGAR JARS",1
21693,SMALL HAMMERED SILVER CANDLEPOT ,1
22221,CAKE STAND LOVEBIRD 2 TIER PINK,1
22936,BAKING MOULD ROSE WHITE CHOCOLATE,1
71038,WHITE HANGING BEADS CANDLE HOLDER,1
84251G,"GREETING CARD, OVERCROWDED POOL.",1
85086A,CANDY SPOT HEART DECORATION,1
85088,CANDY SPOT HAND BAG,1
23179,CLOCK MAGNET MUM'S KITCHEN,1
23140,TRIPLE WIRE HOOK IVORY HEART,1
85135B,BLUE DRAGONFLY HELICOPTER,1
20622,VIPPASSPORT COVER ,1
22305,COFFEE MUG PINK PAISLEY DESIGN,1
21291,SMALL POLKADOT CHOCOLATE GIFT BAG ,1
84509C,SET OF 4 POLKADOT PLACEMATS ,1
37501,TEA TIME TEA SET IN GIFT BOX,1
79144C,PAINTED LIGHTBULB RAINBOW DESIGN,1
84931A,PINK SCOTTIE DOG W FLOWER PATTERN,1
84931B,BLUE SCOTTIE DOG W FLOWER PATTERN,1
23549,WRAP BIRD GARDEN ,1
23473,WOODLAND SMALL RED FELT HEART,1
79030D,"TUMBLER, BAROQUE",1
84920,PINK FLOWER FABRIC PONY,1
20681,PINK POLKADOT CHILDRENS UMBRELLA,1
21188,3D HEARTS  HONEYCOMB PAPER GARLAND,1
85169D,PINK LOVE BIRD CANDLE,1
21379,CAMPHOR WOOD PORTOBELLO MUSHROOM,1
21187,WHITE BELL HONEYCOMB PAPER GARLAND ,1
84789,ENCHANTED BIRD PLANT CAGE,1
21289,LARGE STRIPES CHOCOLATE GIFT BAG,1
37482P,CUBIC MUG PINK POLKADOT,1
21001,ROSE DU SUD WASHBAG ,1
21264,WHITE GOOSE FEATHER TREE 60CM ,1
85049g,CHOCOLATE BOX RIBBONS ,1
23056,FLOWERS CHANDELIER T-LIGHT HOLDER,1
23527,ANIMALS AND NATURE WALL ART,1
23453,OVAL  MINI PORTRAIT FRAME,1
90200A,PURPLE SWEETHEART BRACELET,1
22643,SET OF 4 NAPKIN CHARMS LEAVES   ,1
21641,ASSORTED TUTTI FRUTTI KEYRING BALL,1
22802,FAUX FUR CHOCOLATE THROW,1
21808,"CHRISTMAS GARLAND STARS,TREES",1
84674,FLYING PIG WATERING CAN,1
21784,SHOE SHINE BOX ,1
21426,WOODLAND STORAGE BOX SMALL,1
84970l,SINGLE HEART ZINC T-LIGHT HOLDER,1
21725,SWEETIES  STICKERS,1
85208,SET/12 FUNKY FELT FLOWER PEG IN BAG,1
21943,CAKES AND RABBITS DESIGN FLANNEL ,1
85131C,BEADED CRYSTAL HEART BLUE ON STICK,1
90161C,ANT COPPER LIME BOUDICCA BRACELET,1
84843,WHITE SOAP RACK WITH 2 BOTTLES,1
20654,FIRST CLASS LUGGAGE TAG ,1
35915B,BLUE KNITTED HEN ,1
22861,EASTER TIN CHICKS IN GARDEN,1
23180,MUM'S KITCHEN CLOCK,1
23150,IVORY SWEETHEART SOAP DISH,1
23074,EMBOSSED HEART TRINKET BOX,1
23528,SPACEBOY WALL ART,1
23487,SWEET HEART CAKE CARRIER,1
35004C,SET OF 3 COLOURED  FLYING DUCKS,1
20774,GREEN FERN NOTEBOOK,1
21684,SMALL MEDINA STAMPED METAL BOWL ,1
21161,KEEP OUT BOYS DOOR HANGER ,1
22702,BLACK AND WHITE CAT BOWL,1
22106,MIRROR MOSAIC HURRICANE LAMP ,1
47578A,ENGLISH ROSE SMALL SCENTED FLOWER,1
22707,WRAP MONSTER FUN ,1
23136,IVORY WIRE SWEETHEART LETTER TRAY,1
23086,ZINC  STAR T-LIGHT HOLDER ,1
23568,EGG CUP HENRIETTA HEN CREAM ,1
90200B,BLACK SWEETHEART BRACELET,1
85095,THREE CANVAS LUGGAGE TAGS,1
22194,BLACK DINER WALL CLOCK,1
21656,RIDGED GLASS POSY VASE ,1
21415,CLAM SHELL SMALL ,1
84795B,SUNSET CHECK HAMMOCK,1
21627,ELEPHANT CARNIVAL POUFFE,1
85180B,PINK HEARTS LIGHT CHAIN ,1
85141,JARDIN ETCHED GLASS FRUITBOWL,1
85130C,BEADED CRYSTAL HEART BLUE  LARGE,1
23135,SMALL ZINC HEART WALL ORGANISER,1
21373,MIRRORED WALL ART SNOWFLAKES,1
23114,Damaged,1
23115,Damaged,1
23415,HOME SWEET HOME HOOK,1
23058,CHRISTMAS HANGING SNOWFLAKE,1
23598,PAPER BUNTING VINTAGE PARTY,1
21366,MIRRORED WALL ART PHOTO FRAMES,1
22786,CUSHION COVER PINK UNION JACK,1
22655,VINTAGE RED KITCHEN CABINET,1
84660C,PINK STITCHED WALL CLOCK,1
84927F,PSYCHEDELIC TILE HOOK,1
85169C,EAU DE NIL LOVE BIRD CANDLE,1
21027,NINJA RABBIT PINK,1
17107D,"FLOWER FAIRY,5 SUMMER B'DRAW LINERS",1
16011,ANIMAL STICKERS,1
21306,SET/4 DAISY MIRROR MAGNETS,1
79190D,RETRO PLASTIC DAISY TRAY,1
84968E,check,1
22611,VINTAGE UNION JACK SHOPPING BAG,1
22647,CERAMIC LOVE HEART MONEY BANK,1
84660A,WHITE STITCHED WALL CLOCK,1
23055,IVORY CHANDELIER T-LIGHT HOLDER,1
23117,Damaged,1
23422,PANTRY HOOK BALLOON WHISK ,1
23460,SWEETHEART WALL TIDY ,1
21374,MIRRORED WALL ART SKULLS,1
72803A,ROSE SCENT CANDLE JEWELLED DRAWER,1
21263,GREEN GOOSE FEATHER TREE 60CM,1
22389,PAPERWEIGHT SAVE THE PLANET,1
46118,FUNKY MONKEY CUSHION COVER,1
21251,DINOSAUR HEIGHT CHART STICKER SET,1
20758,ABSTRACT CIRCLES POCKET BOOK,1
20868,SILVER FABRIC MIRROR,1
84313C,ORANGE TV TRAY TABLE ,1
21003,ROSE DU SUD CUSHION COVER,1
23104,IVORY PANTRY HANGING LAMP ,1
23324,RUSTIC STRAWBERRY JAMPOT LARGE ,1
23518,EMBROIDERED RIBBON REEL RACHEL ,1
23660,HENRIETTA HEN MUG ,1
21710,FOLDING UMBRELLA PINKWHITE POLKADOT,1
22454,MEASURING TAPE BABUSHKA RED,1
90116,FRUIT SALAD BAG CHARM,1
20854,BLUE PATCH PURSE PINK HEART,1
21698,MOCK LOBSTER FRIDGE MAGNET,1
90134,OLD ROSE COMBO BEAD NECKLACE,1
22448,PIN CUSHION BABUSHKA RED,1
22447,PIN CUSHION BABUSHKA BLUE,1
85144,JARDIN ETCHED GLASS BUTTER DISH,1
22869,NUMBER TILE COTTAGE GARDEN 1,1
22060,LARGE CAKE STAND HANGING HEARTS,1
21261,GREEN GOOSE FEATHER CHRISTMAS TREE ,1
35241,ENAMEL BLUE RIM BISCUIT BIN,1
71279,PINK GLASS CANDLEHOLDER,1
79051A,SMOKEY GREY COLOUR D.O.F. GLASS,1
84707A,SILVER JEWELLED MIRROR TRINKET TRAY,1
21284,RETROSPOT CANDLE  SMALL,1
22826,LOVE SEAT ANTIQUE WHITE METAL,1
16216,LETTER SHAPE PENCIL SHARPENER,1
20704,MR ROBOT SOFT TOY,1
22259,FELT FARM ANIMAL HEN,1
23216,LAUREL HEART ANTIQUE GOLD,1
23409,PHOTO FRAME LINEN AND LACE LARGE,1
23516,EMBROIDERED RIBBON REEL SOPHIE  ,1
23479,WIRE EGG BASKET ,1
23562,SET OF 6 RIBBONS PERFECTLY PRETTY  ,1
84625A,PINK NEW BAROQUECANDLESTICK CANDLE,1
21427,SKULLS STORAGE BOX SMALL,1
21143,ANTIQUE GLASS HEART DECORATION ,1
35957,SMALLFOLKART BAUBLE CHRISTMAS DEC,1
85016,SET OF 6 VINTAGE NOTELETS KIT,1
21629,SQUARE FLOOR CUSHION VINTAGE RED,1
85025C,PINK HEART SHAPE PHOTO FRAME,1
84030e,ENGLISH ROSE HOT WATER BOTTLE,1
20702,PINK PADDED MOBILE,1
90200E,GREEN SWEETHEART BRACELET,1
20803,SMALL PINK GLASS SUNDAE DISH,1
35914,PINK CHICK EGG WARMER + EGG CUP,1
90198A,VINTAGE ROSE BEAD BRACELET RASPBERR,1
21285,RETROSPOT CANDLE  MEDIUM,1
22824,3 TIER SWEETHEART GARDEN SHELF,1
37475,SET/4 COLOURFUL MIXING BOWLS,1
72801d,4 SKY BLUE DINNER CANDLES,1
84673A,PINK FLY SWAT,1
22257,FELT FARM ANIMAL SHEEP,1
23060,HEART BEADED TRELLIS DECORATION,1
23070,EDWARDIAN HEART PHOTO FRAME,1
23272,TREE T-LIGHT HOLDER WILLIE WINKIE,1
23327,HANGING CLEAR MINI BOTTLE,1
23521,CAT AND BIRD WALL ART,1
21367,MIRRORED WALL ART GENTS,1
35598D,PINK/WHITE CHRISTMAS TREE 60CM,1
20617,FIRST CLASS PASSPORT COVER ,1
84341B,SMALL PINK MAGIC CHRISTMAS TREE,1
22882,NUMBER TILE VINTAGE FONT 3,1
47503H,ASS FLORAL PRINT SPIRIT LEVEL ,1
47367B,PAIR PADDED HANGERS PINK CHECK,1
21613,S/12 VANILLA  BOTANICAL T-LIGHTS,1
18094C,WHITE AND BLUE CERAMIC OIL BURNER,1
22050,PINK PAISLEY ROSE GIFT WRAP,1
72819,CUPID DESIGN SCENTED CANDLES,1
21666,RIDGED GLASS T-LIGHT HOLDER,1
22510,GINGHAM BABUSHKA DOORSTOP,1
21717,EASTER TIN BUCKET,1
84821,DANISH ROSE DELUXE COASTER,1
21633,SUNFLOWER DECORATIVE PARASOL,1
85188A,GREEN METAL SWINGING BUNNY,1
84796A,PINK HAWAIIAN PICNIC HAMPER FOR 2,1
23040,PAPER LANTERN 9 POINT SNOW STAR ,1
23124,18PC WOODEN CUTLERY SET DISPOSABLE,1
23548,WRAP MAGIC FOREST ,1
16168M,FUNKY MONKEY GIFT BAG MEDIUM,1
20699,MOUSEY LONG LEGS SOFT TOY,1
21638,ASSORTED TUTTI FRUTTI NOTEBOOK,1
46775D,SUNSET COLOUR CHUNKY KNITTED THROW,1
22202,MILK PAN PINK POLKADOT,1
79163,BLACK CHAMPAGNE GLASS,1
22042,CHRISTMAS CARD SINGING ANGEL,1
85049e,SCANDINAVIAN REDS RIBBONS,1
21726,MULTI HEARTS  STICKERS,1
84563B,BLUE & WHITE BREAKFAST TRAY,1
21695,SMALL SILVER FLOWER CANDLE POT,1
22954,HEN PARTY CORDON BARRIER TAPE,1
84218,BOX/12 CHICK & EGG IN BASKET,1
23142,IVORY WIRE KITCHEN ORGANISER,1
23539,WALL ART LOVES' SECRET ,1
23523,TREASURE AHOY WALL ART,1
84625C,BLUE NEW BAROQUE CANDLESTICK CANDLE,1
72800B, 4 PURPLE FLOCK DINNER CANDLES,1
90214J,"LETTER ""J"" BLING KEY RING",1
90214S,"LETTER ""S"" BLING KEY RING",1
22870,NUMBER TILE COTTAGE GARDEN 2,1
47471,RAINBOW PEGS PHOTO CLIP STRING,1
21377,SMALL CAMPHOR WOOD FIELD  MUSHROOM,1
20771,CHRYSANTHEMUM  JOURNAL,1
22051,BLUE SCANDINAVIAN PAISLEY WRAP,1
22538,MINI JIGSAW GO TO THE FAIR,1
84660B,BLACK STITCHED WALL CLOCK,1
23495,SET OF 3 PANTRY WOODEN SPOONS,1
23694,PAISLEY PARK CARD,1
22242,5 HOOK HANGER MAGIC TOADSTOOL,1
21826,EIGHT PIECE DINOSAUR SET,1
79067,CORONA MEXICAN TRAY,1
84663A,GRASS HOPPER WOODEN WALL CLOCK ,1
84976,RECTANGULAR SHAPED MIRROR,1
85040B,SET/4 BLUE FLOWER CANDLES IN BOWL,1
21472,LADYBIRD + BEE RAFFIA FOOD COVER,1
21741,COSY SLIPPER SHOES LARGE GREEN,1
85124B,BLUE JUICY FRUIT PHOTO FRAME,1
85124C,GREEN JUICY FRUIT PHOTO FRAME,1
85025B,EAU DE NILE HEART SHAPE PHOTO FRAME,1
84313B,BLUE TV TRAY TABLE ,1
85170B,SET/6 BLACK BIRD T-LIGHT CANDLES,1
84510a,SET OF 4 ENGLISH ROSE COASTERS,1
84251C,"GREETING CARD, TWO SISTERS.",1
84926E,FLOWERS TILE COASTER,1
23134,LARGE ZINC HEART WALL ORGANISER,1
23218,LAUREL STAR ANTIQUE GOLD,1
23579,SNACK TRAY I LOVE LONDON,1
20684,STRAWBERRY DREAM CHILDS UMBRELLA,1
21351,CINAMMON & ORANGE WREATH,1
17084P,DRAGONS BLOOD INCENSE,1
21518,BANK ACCOUNT  GREETING  CARD ,1
71143,SILVER BOOK MARK WITH BEADS,1
85230B,CINNAMON SCENTED VOTIVE CANDLE,1
84813,SET OF 4 DIAMOND NAPKIN RINGS,1
22512,DOORSTOP RACING CAR DESIGN,1
20831,GOLD PHOTO FRAME,1
22709,WRAP WEDDING DAY,1
23567,EGG CUP HENRIETTA HEN PINK,1
23482,PEARLISED IVORY HEART LARGE ,1
90018A,SILVER M.O.P ORBIT DROP EARRINGS,1
46000R,POLYESTER FILLER PAD 45x30cm,1
84508A,CAMOUFLAGE DESIGN TEDDY,1
22184,CAKE STAND VICTORIAN FILIGREE LARGE,1
84826,ASSTD DESIGN 3D PAPER STICKERS,1
22806,SET OF 6 T-LIGHTS WEDDING CAKE ,1
44234,ASSORTED CIRCULAR MOBILE,1
46776E,WOVEN CANDY CUSHION COVER ,1
21644,ASSORTED TUTTI FRUTTI HEART BOX,1
90208,PAIR OF PINK FLOWER CLUSTER SLIDE,1
85213,MINI  ZINC GARDEN DECORATIONS ,1
90170,DAISY HAIR BAND,1
90214K,"LETTER ""K"" BLING KEY RING",1
84638,SMALL KITCHEN FLOWER POTS PLAQUE,1
20830,SILVER PHOTO FRAME,1
84876B,GREEN HEART COMPACT MIRROR,1
21371,MIRRORED WALL ART POPPIES,1
23125,6PC WOOD PLATE SET DISPOSABLE,1
23325,RUSTIC STRAWBERRY JAMPOT SMALL,1
23661,MILK MAIDS MUG ,1
23474,WOODLAND SMALL BLUE FELT HEART,1
23691,KEEP CALM BIRTHDAY WRAP,1
23576,SNACK TRAY RED VINTAGE DOILY,1
84563A,PINK & WHITE BREAKFAST TRAY,1
85136C,RED SHARK HELICOPTER,1
21722,SWEET PUDDING STICKER SHEET,1
22641,SET OF 4 NAPKIN CHARMS INSTRUMENT,1
22503,CABIN BAG VINTAGE PAISLEY,1
90161B,ANT COPPER TURQ BOUDICCA BRACELET,1
22044,CHRISTMAS CARD STACK OF PRESENTS,1
16012,FOOD/DRINK SPONGE STICKERS,1
21807,WHITE CHRISTMAS STAR DECORATION,1
90214L,"LETTER ""L"" BLING KEY RING",1
22390,PAPERWEIGHT CHILDHOOD MEMORIES,1
37479P,CUBIC MUG FLOCK PINK ON BROWN,1
21317,GLASS SPHERE CANDLE STAND MEDIUM,1
20932,PINK POT PLANT CANDLE,1
46776D,WOVEN SUNSET CUSHION COVER ,1
22289,HANGING METAL CHICKEN DECORATION,1
72800C,4 PINK DINNER CANDLE SILVER FLOCK,1
85163B,BLACK BAROQUE WALL CLOCK ,1
20934,SET/3 POT PLANT CANDLES,1
90119,METALIC LEAVES BAG CHARMS,1
85019B,BLOSSOM  IMAGES NOTEBOOK SET,1
35649,VINTAGE BEAD COSMETIC BAG ,1
23529,DOLLY GIRL WALL ART,1
23456,MEDIUM PARLOUR PICTURE FRAME ,1
21711,FOLDING UMBRELLA WHITE/RED POLKADOT,1
22049,WRAP CHRISTMAS SCREEN PRINT,1
21128,GOLD FISHING GNOME,1
90209C,PINK ENAMEL+GLASS HAIR COMB,1
20757,RED DAISY POCKET BOOK ,1
22884,NUMBER TILE VINTAGE FONT 5,1
85049a,TRADITIONAL CHRISTMAS RIBBONS,1
72128,COLUMBIAN CANDLE ROUND,1
21696,,1
21630,FLOOR CUSHION ELEPHANT CARNIVAL,1
20748,KENSINGTON COFFEE SET,1
85125,SMALL ROUND CUT GLASS CANDLESTICK,1
22541,MINI JIGSAW LEAP FROG,1
85179C,PINK BITTY LIGHT CHAIN,1
84859A,SILVER DISCO HANDBAG,1
16207A,PINK STRAWBERRY HANDBAG ,1
84872A,TEATIME FUNKY FLOWER BACKPACK FOR 2,1
21270,ANTIQUE CREAM CUTLERY CUPBOARD,1
21458,2 PICTURE BOOK EGGS EASTER BUNNY,1
23046,PAPER LANTERN 9 POINT DELUXE STAR,1
23484,HEART TRELLISTRIPLE T-LIGHT HOLDER,1
23533,WALL ART GARDEN HAVEN ,1
23455,SMALL PARLOUR PICTURE FRAME,1
23697,A PRETTY THANK YOU CARD,1
22688,DOORMAT PEACE ON EARTH BLUE,1
85064,CREAM SWEETHEART LETTER RACK,1
21721,CANDY SHOP  STICKER SHEET,1
84926A,WAKE UP COCKEREL TILE COASTER,1
21030,SPACE CADET RED,1
21157,RED RETROSPOT WASHBAG,1
20936,FORKED CACTUS CANDLE,1
90158,ST TROPEZ NECKLACE,1
84926D,LA PALMIERA TILE COASTER,1
22889,NUMBER TILE VINTAGE FONT No ,1
85114c,RED ENCHANTED FOREST PLACEMAT,1
21628,TRIANGULAR POUFFE VINTAGE ,1
85168B,BLACK BAROQUE CARRIAGE CLOCK,1
22783,SET 3 WICKER OVAL BASKETS W LIDS,1
35599D,PINK AND WHITE CHRISTMAS TREE 120CM,1
22878,NUMBER TILE COTTAGE GARDEN No,1
22105,MIRROR MOSAIC GOBLET CANDLE HOLDER,1
72800D,4 BLUE DINNER CANDLES SILVER FLOCK,1
21359,RELAX LARGE WOOD LETTERS,1
71403,"PINK/WHITE ""KEEP CLEAN"" BULLET BIN",1
20769,DAISY JOURNAL ,1
90161D,ANT COPPER PINK BOUDICCA BRACELET,1
AMAZONFEE,AMAZON FEE,1
17038,PORCELAIN BUDAH INCENSE HOLDER,1
16054,POPART RECT PENCIL SHARPENER ASST,1
21378,SMALL TALL CAMPHOR WOOD TOADSTOOL,1
22881,NUMBER TILE VINTAGE FONT 2,1
21368,MIRRORED WALL ART LADIES,1
84687,BEACH HUT SHELF W 3 DRAWERS,1
20997,ROSE DU SUD CUSHION COVER ,1
23064,CINDERELLA CHANDELIER ,1
23421,PANTRY HOOK SPATULA,1
23472, NINE DRAWER OFFICE TIDY,1
23537,I LOVE LONDON WALL ART,1
23458,DOLLY CABINET 3 DRAWERS ,1
23597,PAPER BUNTING PAISLEY PARK,1
23428,IVORY RETRO KITCHEN WALL CLOCK,1
23575,SNACK TRAY PAISLEY PARK,1
47570B,TEA TIME TABLE CLOTH,1
85019A,ROMANTIC IMAGES NOTEBOOK SET,1
21911,GARDEN METAL SIGN ,1
72799F,IVORY PILLAR CANDLE GOLD FLOCK,1
90071,RUBY GLASS CLUSTER EARRINGS,1
21372,MIRRORED WALL ART TABLE LAMP,1
21758,VINTAGE SHELLS PRINT,1
20653,CHERRY BLOSSOM LUGGAGE TAG,1
35916B,BLUE FELT HANGING HEART W FLOWER,1
72127,COLUMBIAN CANDLE ROUND ,1
35001G,HAND OPEN SHAPE GOLD,1
22395,PAPERWEIGHT VINTAGE PAISLEY,1
90214C,"LETTER ""C"" BLING KEY RING",1
20661,BLUE POLKADOT PURSE ,1
20657,TROPICAL LUGGAGE TAG,1
84924A,WAKE UP COCKEREL CALENDAR SIGN ,1
84508B,STRIPES DESIGN TEDDY,1
21847,GREEN  DIAMANTE PEN IN GIFT BOX,1
90013A,MIDNIGHT BLUE VINTAGE EARRINGS,1
22880,NUMBER TILE VINTAGE FONT 1,1
22883,NUMBER TILE VINTAGE FONT 4,1
22048,BIRTHDAY BANQUET GIFT WRAP,1
85107,CUT GLASS T-LIGHT HOLDER OCTAGON,1
84820,DANISH ROSE TRINKET TRAYS,1
84199,GLOW IN DARK DOLPHINS,1
23185,FRENCH STYLE STORAGE JAR JAM,1
16259,PIECE OF CAMO STATIONERY SET,1
23069,EDWARDIAN PHOTO FRAME,1
23072,MARIE ANTOINETTE TRINKET BOX SILVER,1
23420,PANTRY HOOK TEA STRAINER ,1
23520,EMBROIDERED RIBBON REEL RUBY ,1
23538,WALL ART VINTAGE HEART,1
21587,COSY HOUR GIANT TUBE MATCHES,1
21678,PAISLEY PATTERN  STICKERS,1
22618,COOKING SET RETROSPOT,1
21815,STAR  T-LIGHT HOLDER ,1
90214D,"LETTER ""D"" BLING KEY RING",1
90206C,CRYSTAL DIAMANTE STAR BROOCH,1
84247G,"DECOUPAGE,GREETING CARD,",1
84507C,BLUE CIRCLES DESIGN MONKEY DOLL,1
84531A,PINK KNITTED EGG COSY,1
18007,ESSENTIAL BALM 3.5g TIN IN ENVELOPE,1
21973,SET OF 36 MUSHROOM PAPER DOILIES,1
22102,MIRROR MOSAIC T-LIGHT HOLDER ,1
84584,PINK GINGHAM CAT WITH SCARF,1
85163A,WHITE BAROQUE WALL CLOCK ,1
35819B,"ACRYLIC HANGING JEWEL,BLUE",1
23522,DOG AND BALL WALL ART,1
23457,LARGE PARLOUR PICTURE FRAME,1
23481,PEARLISED IVORY HEART SMALL ,1
23557,LANDMARK FRAME BAKER STREET ,1
21324,HANGING MEDINA LANTERN SMALL,1
22827,RUSTIC  SEVENTEEN DRAWER SIDEBOARD,1
22803,IVORY EMBROIDERED QUILT ,1
21279,VINTAGE KITCHEN PRINT FRUITS,1
90013B,BLACK VINTAGE EARRINGS,1
21032,SPACE CADET WHITE,1
79191B,RETRO PLASTIC POLKA TRAY,1
90115,SUMMER BUTTERFLIES BAG CHARM,1
21054,NURSE'S BAG SOFT TOY,1
85129B,BEADED CRYSTAL HEART GREEN SMALL,1
84531B,BLUE KNITTED EGG COSY,1
22052,VINTAGE CARAVAN GIFT WRAP,1
90130B,TURQ STONE/CRYSTAL EARRINGS,1
21647,ASSORTED TUTTI FRUTTI LARGE PURSE,1
90201D,GREEN ENAMEL FLOWER RING,1
85232A,SET/3 POLKADOT STACKING TINS,1
22103,MIRROR MOSAIC T-LIGHT HOLDER ROUND,1
82095,,1
23532,WALL ART WORK REST AND PLAY  ,1
23475,WOODLAND SMALL PINK FELT HEART,1
23496,PANTRY KITCHEN THERMOMETER ,1
90214G,"LETTER ""G"" BLING KEY RING",1
90214H,"LETTER ""H"" BLING KEY RING",1
20780,BLACK EAR MUFF HEADPHONES,1
20696,FLORAL SOFT CAR TOY,1
90214E,"LETTER ""E"" BLING KEY RING",1
20893,HANGING BAUBLE T-LIGHT HOLDER SMALL,1
84952B,BLACK LOVE BIRD T-LIGHT HOLDER,1
22408,MONEY BOX CONFECTIONERY DESIGN,1
10120,DOGGY RUBBER,1
21286,RETROSPOT CANDLE  LARGE,1
20734,SILVER MINI TAPE MEASURE ,1
35810B,ENAMEL BLUE RIM COFFEE CONTAINER,1
35916A,YELLOW FELT HANGING HEART W FLOWER,1
84916,HAND TOWEL PALE BLUE W FLOWERS,1
84917,WHITE HAND TOWEL WITH BUTTERFLY,1
20794,BLUE  TILE HOOK,1
22856,ASSORTED EASTER DECORATIONS  BELLS,1
84631,FRUIT TREE AND BIRDS WALL PLAQUE,1
85211,S/4 GROOVY CAT MAGNETS,1
22872,NUMBER TILE COTTAGE GARDEN 4,1
21425,SKULLS STORAGE BOX LARGE,1
85103,SILVER T-LIGHT SETTING,1
85205B,PINK FELT EASTER RABBIT GARLAND,1
20869,GOLD FABRIC MIRROR,1
84919,BLUE CUSHION COVER WITH FLOWER,1
23139,SINGLE WIRE HOOK PINK HEART,1
23039,T-LIGHT HOLDER SILVER HEART HANDLE,1
23027,DRAWER KNOB VINTAGE GLASS HEXAGON,1
90200C,BLUE SWEETHEART BRACELET,1
22825,DECORATIVE PLANT POT WITH FRIEZE,1
37476,CONDIMENT TRAY 4 BOWLS AND 4 SPOONS,1
21634,ASSORTED MINI MADRAS NOTEBOOK,1
47021G,SET/6 BEAD COASTERS GAUZE BAG GOLD,1
85039a,SET/4 RED MINI ROSE CANDLE IN BOWL,1
84661B,BLACK SQUARE TABLE CLOCK,1
20781,GOLD EAR MUFF HEADPHONES,1
84228,HEN HOUSE W CHICK STANDING,1
21375,LARGE CAMPHOR WOOD FIELD MUSHROOM ,1
22885,NUMBER TILE VINTAGE FONT 6 ,1
22053,EMPIRE DESIGN ROSETTE,1
22391,PAPERWEIGHT HOME SWEET HOME,1
20705,MRS ROBOT SOFT TOY,1
84926F,PSYCHEDELIC TILE COASTER,1
90201A,PURPLE ENAMEL FLOWER RING,1
84249A,"GREETING CARD,SQUARE, DOUGHNUTS",1
84974,S/2 ZINC HEART DESIGN PLANTERS,1
23071,MARIE ANTOIENETT TRINKET BOX GOLD,1
23042,PAPER LANTERN 7 POINT SNOW STAR,1
17091A,LAVENDER INCENSE IN TIN,1
21292,SMALL STRIPES CHOCOLATE GIFT BAG ,1
21197,MULTICOLOUR  CONFETTI IN TUBE,1
21662,VINTAGE GLASS COFFEE CADDY,1
84870C,GREEN GEISHA GIRL ,1
90214M,"LETTER ""M"" BLING KEY RING",1
22459,CAST IRON HOOK GARDEN TROWEL,1
35637A,IVORY STRING CURTAIN WITH POLE ,1
21129,SILVER FISHING GNOME ,1
21100,CHARLIE AND LOLA CHARLOTTE BAG,1
47559b,TEA TIME OVEN GLOVE,1
72130,COLUMBIAN CANDLE ROUND,1
90086,CRYSTAL FROG PHONE CHARM,1
20782,CAMOUFLAGE EAR MUFF HEADPHONES,1
90013C,GREEN VINTAGE EARRINGS ,1
22486,PLASMATRONIC LAMP,1
90059A,DIAMANTE HAIR GRIP PACK/2 CRYSTAL,1
22353,LUNCH BOX WITH CUTLERY FAIRY CAKES ,1
84192,ASSORTED COLOUR METAL CAT ,1
21562,HAWAIIAN GRASS SKIRT ,1
21131,GOLD STANDING GNOME,1
22040,BOTANICAL ROSE GIFT WRAP,1
84457,SET/3 RABBITS FLOWER SKIPPPING ROPE,1
47518F,ICON PLACEMAT POP ART ELVIS,1
85200,BUNNY EGG BOX,1
21898,POTTING SHED ROSE CANDLE,1
23044,PAPER LANTERN 9 POINT HOLLY STAR S,1
23021,GLASS BONNE JAM JAR,1
23023,RIDGED BONNE JAM JAR T-LIGHT HOLDER,1
23019,SMALL APOTHECARY MEASURING JAR ,1
23417,BATHROOM HOOK,1
23466,TUSCAN VILLA DOVECOTE,1
23471,SIX DRAWER OFFICE TIDY,1
23492,VINTAGE JINGLE BELLS WREATH,1
21738,COSY SLIPPER SHOES SMALL  RED ,1
84352,SILVER CHRISTMAS TREE BAUBLE STAND ,1
22761,CHEST 7 DRAWER MA CAMPAGNE,1
79164,BLACK WINE GLASS,1
84509c,SET OF 4 POLKADOT PLACEMATS ,1
35599B,BLACK CHRISTMAS TREE 120CM,1
17084R,ASSORTED INCENSE PACK,1
90096,NECKLACE+BRACELET SET BLUE BLOSSOM,1
84508C,BLUE CIRCLES DESIGN TEDDY,1
84051,ASS COLOUR GLOWING TIARAS,1
90062,CARNIVAL BRACELET,1
20819,SILVER TEDDY BEAR,1
20763,DAISY SKETCHBOOK ,1
21689,SILVER VANILLA  FLOWER CANDLE POT,1
90019A,SILVER M.O.P ORBIT BRACELET,1
16015,MEDIUM CHINESE STYLE SCISSOR,1
84823,DANISH ROSE FOLDING CHAIR,1
22656,VINTAGE BLUE KITCHEN CABINET,1
21631,HIPPY CHIC DECORATIVE PARASOL,1
90197B,BLACK GLASS BRACELET W HEART CHARMS,1
46000U,POLYESTER FILLER PAD 30CMx30CM,1
82001s,VINYL RECORD FRAME SILVER,1
81952V,ROUND PURPLE CLOCK WITH SUCKER,1
23560,SET OF 6 RIBBONS COUNTRY STYLE,1
20773,BLUE PAISLEY NOTEBOOK,1
84870B,BLUE GEISHA GIRL ,1
90192,JADE DROP EARRINGS W FILIGREE,1
15056p,EDWARDIAN PARASOL PINK,1
84884a,ANT WHITE WIRE HEART SPIRAL,1
21904,HOUSE WRECKING METAL SIGN ,1
21202,DOLLY HONEYCOMB GARLAND,1
21632,VINTAGE PINK DECORATIVE PARASOL,1
20897,VINTAGE NOTEBOOK PARIS DAYS,1
21089,SET/6 GREEN SPRING PAPER CUPS,1
90160C,TURQ+RED BOUDICCA LARGE BRACELET,1
22873,NUMBER TILE COTTAGE GARDEN 5,1
17096,ASSORTED LAQUERED INCENSE HOLDERS,1
85230G,ORANGE VOTIVE CANDLE,1
84952A,CLEAR LOVE BIRD T-LIGHT HOLDER,1
21418,STARFISH SOAP DISH,1
85230E,STRAWBRY SCENTED VOTIVE CANDLE,1
84600,NEW BAROQUE JEWELLERY BOX ,1
21503,TOYBOX  WRAP ,1
16169M,WRAP DAISY CARPET ,1
21082,SET/20 FRUIT SALAD PAPER NAPKINS ,1
21456,2 PICTURE BOOK EGGS EASTER CHICKS,1
21841,,1
23045,PAPER LANTERN 5 POINT STAR MOON 30,1
23047,PAPER LANTERN 5 POINT SEQUIN STAR,1
23022,SMALL BONNE JAM JAR  T-LIGHT HOLDER,1
23580,SNACK TRAY HAPPY FOREST  ,1
22127,PARTY CONES CARNIVAL ASSORTED,1
21038,SET/4 MODERN VINTAGE COTTON NAPKINS,1
90003C,MIDNIGHT BLUE PAIR HEART HAIR SLIDE,1
90214R,"LETTER ""R"" BLING KEY RING",1
35598B,BLACK CHRISTMAS TREE 60CM,1
21364,PEACE SMALL WOOD LETTERS,1
90175A,WHITE GLASS CHUNKY CHARM BRACELET,1
21445,12 PINK ROSE PEG PLACE SETTINGS,1
77101A,UNION FLAG WINDSOCK,1
90201B,BLACK ENAMEL FLOWER RING,1
90087,CRYSTAL SEA HORSE PHONE CHARM,1
84989a,75 GREEN FAIRY CAKE CASES,1
22875,NUMBER TILE COTTAGE GARDEN 7,1
21750,LARGE SKULL WINDMILL,1
90030B,RED KUKUI COCONUT SEED NECKLACE,1
21946,PARTY TIME DESIGN FLANNEL,1
21293,MIRRORED DOVE WALL DECORATION,1
22886,NUMBER TILE VINTAGE FONT 7,1
22871,NUMBER TILE COTTAGE GARDEN 3 ,1
22407,MONEY BOX FIRST ADE DESIGN,1
84800L,LARGE WHITE/PINK ROSE ART FLOWER,1
21457,2 PICTURE BOOK EGGS EASTER DUCKS,1
72801c,4 ROSE PINK DINNER CANDLES,1
23141,TRIPLE WIRE HOOK PINK HEART,1
23016,GLASS TWIST BON BON JAR,1
23416,CHAMBRE HOOK,1
21694,SMALL REGAL  SILVER CANDLEPOT ,1
22394,PAPERWEIGHT KINGS CHOICE ,1
21547,CERAMIC BIRDHOUSE CRESTED TIT SMALL,1
22458,CAST IRON HOOK GARDEN FORK,1
84658,WHITE STITCHED CUSHION COVER,1
85106,CUT GLASS HEXAGON T-LIGHT HOLDER,1
90214N,"LETTER ""N"" BLING KEY RING",1
21277,FRENCH STYLE EMBOSSED HEART CABINET,1
51008,AFGHAN SLIPPER SOCK PAIR,1
90183A,AMBER DROP EARRINGS W LONG BEADS,1
37479B,CUBIC MUG FLOCK BLUE ON BROWN,1
47481,50CM METAL STRING WITH  7 CLIPS,1
35833P,4 PINK FLOCK CHRISTMAS BALLS,1
90147,CHUNKY SILVER NECKLACE PASTEL FLOWE,1
84595E,LARGE TORTILLA DESIGN RED BOWL,1
35921,EASTER BUNNY HANGING GARLAND,1
21476,STEEL SWEETHEART ROUND TABLE CREAM,1
84907,PINK YELLOW PATCH CUSHION COVER,1
10080,GROOVY CACTUS INFLATABLE,1
84535A,,1
23116,Damaged,1
23519,EMBROIDERED RIBBON REEL CLAIRE,1
37444A,YELLOW BREAKFAST CUP AND SAUCER,1
84685,BEACH HUT KEY CABINET,1
84915,HAND TOWEL PINK FLOWER AND DAISY,1
20760,GARDEN PATH POCKET BOOK,1
20941,FROG CANDLE,1
85014b,RED RETROSPOT UMBRELLA,1
84510c,SET OF 4 POLKADOT COASTERS,1
90174,BUTTERFLY HAIR BAND,1
84509E,SET OF 4 CAROUSEL PLACEMATS ,1
22887,NUMBER TILE VINTAGE FONT 8,1
90057,DIAMANTE RING ASSORTED IN BOX.,1
22033,BOTANICAL ROSE GREETING CARD,1
84507B,STRIPES DESIGN MONKEY DOLL,1
85197,SET OF 12 MINI BUNNIES IN A BUCKET,1
20756,GREEN FERN POCKET BOOK,1
21320,GLASS CHALICE GREEN  LARGE ,1
71101E,STANDING FAIRY POLE SUPPORT ,1
84859C,PINK DISCO HANDBAG,1
23137,ZINC WIRE SWEETHEART LETTER TRAY,1
23149,ANTIQUE IVORY WIRE BOWL SMALL,1
23043,PAPER LANTERN 9 POINT HOLLY STAR 40,1
23015,CORDIAL GLASS JUG,1
23017,APOTHECARY MEASURING JAR,1
23429,RED RETRO KITCHEN WALL CLOCK,1
35004G,SET OF 3 GOLD FLYING DUCKS,1
84569B,PACK 3 FIRE ENGINE/CAR PATCHES,1
85232B,SET OF 3 BABUSHKA STACKING TINS,1
90120C,GREEN MURANO TWIST BRACELET,1
84609,TALL ROCOCO CANDLE HOLDER,1
84559a,3D SHEET OF DOG STICKERS,1
90214B,"LETTER ""B"" BLING KEY RING",1
84877D,BLUE ROUND COMPACT MIRROR,1
90143,SILVER BRACELET W PASTEL FLOWER,1
20980,36 PENCILS TUBE POSY,1
47369B,BLUE GREEN EMBROIDERY COSMETIC BAG,1
85020,ROUND PINK HEART MIRROR,1
84429A,MEDIUM PINK BUDDHA HEAD ,1
21686,MEDINA STAMPED METAL STOOL,1
21132,SILVER STANDING GNOME   ,1
90201C,RED ENAMEL FLOWER RING,1
22874,NUMBER TILE COTTAGE GARDEN 6,1
84877B,GREEN ROUND COMPACT MIRROR,1
35933,PINK STOCKING CHRISTMAS DECORATION,1
90014A,SILVER/MOP ORBIT NECKLACE,1
85161,ACRYLIC GEOMETRIC LAMP,1
84905,PINK BUTTERFLY CUSHION COVER ,1
84592,CROCHET ROSE PURSE WITH SUEDE BACK,1
16161G,WRAP BAD HAIR DAY,1
23151,ZINC SWEETHEART SOAP DISH,1
23476,WOODLAND LARGE RED FELT HEART,1
71406C,BLACK ORANGE SQUEEZER,1
84985A,SET OF 72 GREEN PAPER DOILIES,1
21664,RIDGED GLASS STORAGE JAR CREAM LID,1
90022,EDWARDIAN DROP EARRINGS JET BLACK,1
90161A,ANT COPPER RED BOUDICCA BRACELET,1
35916C,PINK FELT HANGING HEART W FLOWER,1
20759,CHRYSANTHEMUM POCKET BOOK ,1
84872a,TEATIME FUNKY FLOWER BACKPACK FOR 2,1
84898F,YELLOW FLOWERS FELT HANDBAG KIT,1
82011B,BATHROOM SCALES RUBBER DUCKS,1
21319,GLASS CHALICE GREEN  SMALL ,1
21226,POCKET MIRROR WOODLAND,1
84665,SQUARE CHERRY BLOSSOM CABINET,1
35968,FOLK ART METAL HEART T-LIGHT HOLDER,1
90184B,AMETHYST CHUNKY BEAD BRACELET W STR,1
21420,OYSTER TRINKET BOX,1
21473,SWEETHEART CREAM STEEL TABLE RECT,1
22888,NUMBER TILE VINTAGE FONT 9 ,1
22868,NUMBER TILE COTTAGE GARDEN 0 ,1
21459,YELLOW EASTER EGG HUNT START POST,1
84231,EASTER BUNNY WITH BASKET ON BACK,1
85040a,S/4 PINK FLOWER CANDLES IN BOWL,1
17136A,BLUE STONES ON WIRE FOR CANDLE,1
23018,LARGE APOTHECARY MEASURING JAR ,1
23544,WALL ART MID CENTURY MODERN ,1
23459,DOLLY CABINET 2 DRAWERS ,1
84744,S/6 SEW ON CROCHET FLOWERS,1
22876,NUMBER TILE COTTAGE GARDEN 8,1
35818P,"ACRYLIC JEWEL ICICLE, PINK",1
90129A,PINK GLASS TASSLE BAG CHARM ,1
90129B,TURQUOISE GLASS TASSLE BAG CHARM ,1
20662,FIRST CLASS HOLIDAY PURSE ,1
84360,TABLE LAMP WHITE SHADE WOOD BASE,1
72801C,4 ROSE PINK DINNER CANDLES,1
21031,SPACE CADET BLACK,1
22877,NUMBER TILE COTTAGE GARDEN 9,1
84927A,WAKE UP COCKEREL TILE HOOK,1
21250,SET OF SKULL WALL STICKERS,1
82011C,BATHROOM SCALES FOOTPRINTS IN SAND,1
47369A,PINK GREEN EMBROIDERY COSMETIC BAG,1
51020A,SUMMER FUN DESIGN SHOWER CAP,1
85215,ASSORTED CHEESE FRIDGE MAGNETS,1
85027L,FRENCH CHATEAU LARGE PLATTER ,1
84712B,PINK JEWELLED PHOTO FRAME,1
84559b,3D SHEET OF CAT STICKERS,1
90175D,TIGRIS EYE CHUNKY CHARM BRACELET,1
37467,PIG MUG IN TWO COLOUR DESIGNS,1
20663,QUEEN OF THE SKIES HOLIDAY PURSE ,1
21269,ANTIQUE CREAM CUTLERY SHELF ,1
90059D,DIAMANTE HAIR GRIP PACK/2 PERIDOT,1
84247L,FAWN AND MUSHROOM GREETING CARD,1
84875B,GREEN SQUARE COMPACT MIRROR,1
37333,"RETRO ""TEA FOR ONE"" ",1
72780,BLACK SILOUETTE CANDLE PLATE,1
82613A,"METAL SIGN,CUPCAKE SINGLE HOOK",1
20701,PINK CAT FLORAL CUSHION COVER ,1
84989A,75 GREEN FAIRY CAKE CASES,1
84661A,WHITE SQUARE TABLE CLOCK,1
90118,PINK DAISY BAG CHARM,1
16207B,PINK HEART RED HANDBAG,1
35912B,WHITE/PINK CHICK DECORATION,1
47469,ASSORTED SHAPES PHOTO CLIP SILVER ,1
84806B,WHITE CANDYSTUFT ARTIFICIAL FLOWER,1
84708B,PINK JEWELLED PHOTO FRAME ,1
23037,CANDLE HOLDER SILVER MADELINE,1
21814,HEART T-LIGHT HOLDER ,1
85104,SILVER GLASS T-LIGHT SET,1
90190C,SILVER/AMETHYST DROP EARRINGS LEAF,1
90204,PAIR OF ENAMEL BUTTERFLY HAIRCLIP,1
84993B,75 BLACK PETIT FOUR CASES,1
85096,HILDA CANDY SPOT RABBIT,1
21265,PINK GOOSE FEATHER TREE 60CM,1
20731,POSY CANDY BAG,1
72131,COLUMBIAN CANDLE RECTANGLE,1
84725,FREESTYLE CANVAS ART PICTURE,1
48189,DOORMAT FRIENDSHIP ,1
21376,LARGE  TALL CAMPHOR WOOD TOADSTOOL ,1
47420,ASSORTED COLOUR SUCTION CUP HOOK,1
78124,MAGAZINE RACK GEBRA ASSORTED ,1
90125D,PURPLE BERTIE GLASS BEAD BAG CHARM,1
20664,TROPICAL HOLIDAY PURSE ,1
72225C,LAVENDER SCENT CAKE CANDLE,1
35972,DAISY FOLKART HEART DECORATION,1
72799C,PINK PILLAR CANDLE SILVER FLOCK,1
90016B,GOLD/M.O.P PENDANT ORBIT NECKLACE,1
84993a,75 GREEN PETIT FOUR CASES,1
22038,BOTANICAL LAVENDER GIFT WRAP ,1
16020C,CLEAR STATIONERY BOX SET ,1
84576,BLUE CAT BISCUIT BARREL PINK HEART,1
23410,CURIO CABINET LINEN AND LACE ,1
21488,RED WHITE SCARF  HOT WATER BOTTLE,1
90019B,GOLD M.O.P ORBIT BRACELET,1
90173,PAIR BUTTERFLY HAIR CLIPS,1
16046,TEATIME PEN CASE & PENS,1
90082A,DIAMANTE BOW BROOCH GREEN COLOUR,1
72801D,4 SKY BLUE DINNER CANDLES,1
84247N,PACK/12 BLUE FOLKART CARDS,1
90145,SILVER HOOP EARRINGS WITH FLOWER,1
84827,ASS DES PHONE SPONGE CRAFT STICKER,1
21635,MADRAS NOTEBOOK LARGE ,1
84707B,PINK JEWELLED MIRROR TRINKET TRAY,1
20847,ZINC HEART LATTICE CHARGER LARGE,1
90101,WHITE FRANGIPANI NECKLACE,1
90073,VINTAGE ENAMEL & CRYSTAL EARRINGS,1
21316,SMALL CHUNKY GLASS ROMAN  BOWL,1
84910A,PINK PAISLEY CUSHION COVER ,1
84876D,BLUE HEART COMPACT MIRROR,1
84688,,1
20666,ECONOMY HOLIDAY PURSE,1
84882,GREEN WIRE STANDING CANDLE HOLDER,1
84766,SILVER ROCOCO CANDLE STICK,1
90165B,WHITE ROSEBUD  PEARL EARRINGS,1
20694,FLORAL PINK MONSTER,1
85230A,OPIUM SCENTED VOTIVE CANDLE,1
16156L,"WRAP, CAROUSEL",1
85160B,BLACK BIRD GARDEN DESIGN MUG,1
84452,,1
21087,,1
16254,,1
20836,FRENCH PAISLEY CUSHION COVER,1
23430,BLUE RETRO KITCHEN WALL CLOCK,1
21657,MILK BOTTLE WITH GLASS STOPPER ,1
90099,NECKLACE+BRACELET SET BLUE HIBISCUS,1
90018B,GOLD M.O.P ORBIT DROP EARRINGS,1
21421,PORCELAIN ROSE LARGE ,1
21360,JOY LARGE WOOD LETTERS,1
72133,COLUMBIAN CANDLE RECTANGLE,1
37489D,PINK/GREEN FLOWER DESIGN BIG MUG,1
90198B,VINTAGE ROSE BEAD BRACELET BLACK,1
21275,?,1
21413,PERIWINKLE T-LIGHT HOLDER,1
51020B,STRIPY DESIGN SHOWER CAP,1
90183B,AMETHYST DROP EARRINGS W LONG BEADS,1
84711A,SILVER OVAL SHAPE TRINKET BOX,1
84422,PINK/BLUE DISC/MIRROR STRING,1
90184C,BLACK CHUNKY BEAD BRACELET W STRAP,1
84927D,LA PALMIERA TILE HOOK,1
90003D,CRYSTAL PAIR HEART HAIR SLIDES,1
79191D,RETRO PLASTIC DAISY TRAY,1
21117,BLOND DOLL DOORSTOP,1
20901,VINTAGE KEEPSAKE BOX PINK FLOWER,1
23036,T-LIGHT HOLDER SILVER PETIT FOUR ,1
23574,,1
90129F,RED GLASS TASSLE BAG CHARM,1
84678,CLASSICAL ROSE SMALL VASE,1
90059E,DIAMANTE HAIR GRIP PACK/2 RUBY,1
22164,STRING OF STARS CARD HOLDER,1
21333,CLASSIC WHITE FRAME,1
21369,MIRRORED WALL ART SPLODGES,1
85049B,LUSH GREENS RIBBONS,1
75131,METAL TUBE CHIME ON BAMBOO,1
85055,FRENCH ENAMEL UTENSIL HOLDER,1
90205A,LARGE MINT DIAMANTE HAIRSLIDE,1
21095,SET/6 POSIES PAPER PLATES,1
37489A,YELLOW/PINK FLOWER DESIGN BIG MUG,1
84865,NEW BAROQUE BLACK PHOTO ALBUM,1
90010A,MIDNIGHT BLUE GLASS/SILVER BRACELET,1
72051S,BAG OF SILVER STONES,1
90014B,GOLD M PEARL  ORBIT NECKLACE,1
90010E,AMBER GLASS/SILVER BRACELET,1
35400,WOODEN BOX ADVENT CALENDAR ,1
84925F,PSYCHEDELIC WALL THERMOMETER,1
90129C,GREEN GLASS TASSLE BAG CHARM,1
84660c,PINK STITCHED WALL CLOCK,1
90214P,"LETTER ""P"" BLING KEY RING",1
44235,ASS COL CIRCLE MOBILE ,1
40003,WHITE BAMBOO RIBS LAMPSHADE,1
84510E,SET OF 4 GREEN CAROUSEL COASTERS,1
90160A,PURPLE BOUDICCA LARGE BRACELET,1
84927E,FLOWERS TILE HOOK,1
84816,DANISH ROSE BEDSIDE CABINET,1
90164B,WHITE  ROSEBUD PEARL BRACELET,1
22879,NUMBER TILE VINTAGE FONT 0,1
90058B,CRYSTAL STUD EARRINGS ASSORTED COL ,1
90202A,PURPLE ENAMEL FLOWER HAIR TIE,1
90103,PURPLE FRANGIPANI NECKLACE,1
84741C,CITRUS GARLAND FELT FLOWERS ,1
37468,HARDMAN MUG 3 ASSORTED,1
35920,FOUR RABBIT EASTER DECORATIONS,1
20898,VINTAGE NOTEBOOK TRAVELOGUE,1
23143,ZINC WIRE KITCHEN ORGANISER,1
20667,CHERRY BLOSSOM PURSE,1
CRUK,CRUK Commission,1
23611,SET 10 CARDS RED RIDING HOOD 17214,1
23626,SET 10 CARDS DINKY TREE 17076,1
23465,TUSCAN VILLA FEEDING STATION,1
23561,SET OF 6 RIBBONS PARTY,1
90199C,5 STRAND GLASS NECKLACE CRYSTAL,1
84906,PINK B'FLY C/COVER W BOBBLES,1
21349,IVY HEART WREATH,1
21281,VINTAGE KITCHEN PRINT SEAFOOD,1
90166,PINK & WHITE ROSEBUD RING,1
90177C,DROP DIAMANTE EARRINGS CRYSTAL,1
84846A,SCENTED CANDLE IN DIGITALIS TIN,1
20894,HANGING BAUBLE T-LIGHT HOLDER LARGE,1
84952C,,1
90003E,GREEN PAIR HEART HAIR SLIDES,1
90120B,BLUE MURANO TWIST BRACELET,1
90214F,"LETTER ""F"" BLING KEY RING",1
85129C,BEADED CRYSTAL HEART BLUE SMALL,1
47343A,FUSCHIA FLOWER PURSE WITH BEADS,1
84874B,BLUE TRAVEL FIRST AID KIT,1
84597C,RETRO PINK BALL ASHTRAY ,1
90081C,LILY BROOCH OLIVE COLOUR,1
72801G,4 BURGUNDY WINE DINNER CANDLES,1
90177D,DROP DIAMANTE EARRINGS PURPLE,1
90202C,GREEN ENAMEL FLOWER HAIR TIE,1
90186B,CRYSTAL HOOP EARRING FLORAL LEAF,1
47348A,FUSCHIA VOILE POINTY SHOE DEC,1
79403,FROSTED WHITE BASE ,1
17013D,ORIGAMI ROSE INCENSE IN TUBE,1
90070,RUBY GLASS CLUSTER BRACELET,1
47593A,CAROUSEL PONIES BABY BIB,1
90164A,PINK ROSEBUD PEARL BRACELET,1
85114a,BLACK ENCHANTED FOREST PLACEMAT,1
22929,SCHOOL DESK AND CHAIR ,1
90122A,PINK CRYSTAL+GLASS BRACELET,1
90165A,PINK ROSEBUD PEARL EARRINGS,1
85023B,EAU DE NILE JEWELLED PHOTOFRAME,1
22823,CHEST NATURAL WOOD 20 DRAWERS,1
90205C,LARGE CRYSTAL DIAMANTE HAIRSLIDE,1
35911B,PINK/FLOWER RABBIT EGG WARMER ,1
90059F,DIAMANTE HAIR GRIP PACK/2 LT ROSE,1
84461,12 PINK HEN+CHICKS IN BASKET,1
79063C,,1
20837,FRENCH FLORAL CUSHION COVER ,1
85145,JARDIN ETCHED GLASS LARGE BELL JAR,1
21651,HANGING GLASS ETCHED TEALIGHT,1
37343,POLKADOT MUG PINK ,1
84534B,FAIRY CAKE NOTEBOOK A5 SIZE,1
85045,GREEN CHRISTMAS TREE STRING 20LIGHT,1
90214V,"LETTER ""V"" BLING KEY RING",1
90181B,AMETHYST GLASS/SHELL/PEARL NECKLACE,1
17090D,VANILLA INCENSE 40 CONES IN TIN,1
90185B,AMETHYST DIAMANTE EXPANDABLE RING,1
84683,CLASSICAL ROSE CANDLESTAND,1
85014a,BLACK/BLUE POLKADOT UMBRELLA,1
90000D,COPPER/OLIVE GREEN FLOWER NECKLACE,1
90028,NEW BAROQUE LARGE NECKLACE BLK/WHIT,1
22137,BATHROOM SET LOVE HEART DESIGN,1
22415,WHITE TISSUE REAM,1
85017C,ENVELOPE 50 CURIOUS IMAGES,1
90104,PURPLE FRANGIPANI HAIRCLIP,1
90129E,PURPLE GLASS TASSLE BAG CHARM,1
90185A,AMBER DIAMANTE EXPANDABLE RING,1
16052,TEATIME PUSH DOWN RUBBER,1
85118,HEART T-LIGHT HOLDER,1
21196,ROUND WHITE CONFETTI IN TUBE,1
84750B,BLACK SMALL GLASS CAKE STAND,1
90144,SILVER DROP EARRINGS WITH FLOWER,1
90072,RUBY DROP CHANDELIER EARRINGS,1
85114b,IVORY ENCHANTED FOREST PLACEMAT,1
84795b,SUNSET CHECK HAMMOCK,1
46138B,BLUE CHENILLE SHAGGY CUSHION COVER ,1
21332,MOROCCAN BEATEN METAL MIRROR,1
84661C,PINK SQUARE TABLE CLOCK,1
62086A,PINK RETRO BIG FLOWER BAG,1
84847,FLORAL BATHROOM SET,1
47013C,WINE BOTTLE DRESSING DARK BLUE,1
15030,FAN BLACK FRAME ,1
23540,WALL ART THE MAGIC FOREST ,1
23603,SET 10 CARD KRAFT REINDEER 17084,1
23578,SNACK TRAY RED GINGHAM,1
37444C,PINK BREAKFAST CUP AND SAUCER ,1
90185C,BLACK DIAMANTE EXPANDABLE RING,1
85019C,CURIOUS  IMAGES NOTEBOOK SET,1
20697,LITTLE GREEN MONSTER SOFT TOY,1
90082B,DIAMANTE BOW BROOCH RED COLOUR,1
21357,TOAST ITS - DINOSAUR,1
90094,NECKLACE+BRACELET SET FRUIT SALAD ,1
90214I,"LETTER ""I"" BLING KEY RING",1
85230F,JASMINE VOTIVE CANDLE,1
79337,BLUE FLOCK GLASS CANDLEHOLDER,1
84358,FLOOR LAMP SHADE WOOD BASE,1
21307,SET/4 BUTTERFLY MIRROR MAGNETS,1
90130C,GREEN STONE/CRYSTAL EARRINGS,1
84522,PINK PARTY SUNGLASSES,1
90168,2 DAISIES HAIR COMB,1
84799,SPRIG LAVENDER ARTIFICIAL FLOWER,1
84711B,PINK OVAL SHAPE TRINKET BOX,1
75178,ASSTD COL BUTTERFLY/CRYSTAL W/CHIME,1
90133,TEAL/FUSCHIA COL BEAD NECKLACE,1
84857C,PINK MONTE CARLO HANDBAG,1
84800M,MEDIUM WHITE/PINK ROSE ART FLOWER,1
90108,BLUE BLOSSOM HAIR CLIP,1
20795,LARGE BLUE PROVENCAL CERAMIC BALL,1
79063D,,1
DCGSSGIRL,GIRLS PARTY BAG,1
23477,WOODLAND LARGE BLUE FELT HEART,1
23478,WOODLAND LARGE PINK FELT HEART,1
84709B,PINK OVAL JEWELLED MIRROR,1
21486,PINK HEART DOTS HOT WATER BOTTLE,1
85017A,ENVELOPE 50 ROMANTIC IMAGES,1
71496A,A4 WALL TIDY BLUE OFFICE,1
18098c,PORCELAIN BUTTERFLY OIL BURNER,1
84247K,"FOLK ART GREETING CARD,pack/12",1
37489B,BLUE/YELLOW FLOWER DESIGN BIG MUG,1
22157,ANGEL DECORATION WITH LACE PADDED,1
37462E,"PET MUG, GOLDFISH",1
90005A,JADE GREEN ENAMEL HAIR COMB,1
90169,DAISY HAIR COMB,1
72351a,SET/6 TURQUOISE BUTTERFLY T-LIGHTS,1
72132,COLUMBIAN CUBE CANDLE,1
90125B,AQUA BERTIE GLASS BEAD BAG CHARM,1
90160B,RED BOUDICCA LARGE BRACELET,1
90160D,PINK BOUDICCA LARGE BRACELET,1
82011A,"BATHROOM SCALES, TROPICAL BEACH",1
75011,BLUE DAISY MOBILE,1
84796a,PINK HAWAIIAN PICNIC HAMPER FOR 2,1
90202D,PINK ENAMEL FLOWER HAIR TIE,1
79071B,ENGLISH ROSE METAL WASTE BIN,1
21280,VINTAGE KITCHEN PRINT VEGETABLES,1
35265,COLOURFUL FLOWER FRUIT BOWL,1
85024B,EAU DE NILE JEWELLED PHOTOFRAME,1
84596f,SMALL MARSHMALLOWS PINK BOWL,1
84629,WHITE 3 FRAME BIRDS AND TREE ,1
84859B,BLUE DISCO HANDBAG,1
23024,LARGE BONNE JAM JAR  T-LIGHT HOLDER,1
90059B,DIAMANTE HAIR GRIP PACK/2 BLACK DIA,1
90059C,DIAMANTE HAIR GRIP PACK/2 MONTANA,1
21690,SILVER  CANDLEPOT JARDIN ,1
22769,CHALKBOARD KITCHEN ORGANISER,1
17012E,ORIGAMI OPIUM INCENSE/CANDLE SET ,1
21761,WOOD AND GLASS MEDICINE CABINET,1
72134,COLUMBIAN  CUBE CANDLE ,1
85008,SET OF 3 CONEY ISLAND OVAL BOXES,1
90040B,MURANO STYLE GLASS BRACELET BLACK,1
90124B,BLUE MURANO TWIST NECKLACE,1
90195A,PURPLE GEMSTONE BRACELET,1
85185D,FROG SOCK PUPPET,1
84925D,LA PALMIERA WALL THERMOMETER,1
85130A,BEADED PEARL HEART WHITE LARGE,1
90185D,CRYSTAL DIAMANTE EXPANDABLE RING,1
90162B,ANT SILVER LIME GREEN BOUDICCA RING,1
90003B,ROSE COLOUR PAIR HEART HAIR SLIDES,1
90019C,SILVER BLACK ORBIT BRACELET,1
90210C,RED   ACRYLIC FACETED BANGLE,1
85026B,EAU DE NILE JEWELLED T-LIGHT HOLDER,1
90030C,BROWN KUKUI COCONUT SEED NECKLACE,1
20670,VIP HOLIDAY PURSE,1
90036E,"FLOWER GLASS GARLD NECKL36""AMETHYST",1
85188B,PINK METAL SWINGING BUNNY,1
84616,SILVER ROCCOCO CHANDELIER,1
85146,JARDIN ETCHED GLASS SMALL BELL JAR,1
84751B,BLACK MEDIUM GLASS CAKE STAND,1
90214T,"LETTER ""T"" BLING KEY RING",1
84806A,PINK CANDYSTUFT ARTIFICIAL FLOWER,1
85135A,YELLOW DRAGONFLY HELICOPTER,1
21278,VINTAGE KITCHEN PRINT PUDDINGS,1
90122C,TURQUOISE CRYSTAL+GLASS BRACELET,1
21460,GREEN EASTER EGG HUNT START POST,1
35922,EASTER BUNNY WREATH,1
90191,SILVER LARIAT 40CM,1
20845,ZINC HEART LATTICE 2 WALL PLANTER,1
84226,HEN HOUSE W FAMILY IN BARN & NEST,1
84800S,SMALL WHITE/PINK ROSE ART FLOWER,1
90202B,WHITE ENAMEL FLOWER HAIR TIE,1
35913B,WHITE/PINK CHICK EASTER DECORATION,1
90098,NECKLACE+BRACELET PINK BUTTERFLY,1
84306,,1
DCGSSBOY,BOYS PARTY BAG,1
72812,LARGE ZINC GLASS CANDLEHOLDER,1
84466,TOP SECRET PEN SET,1
21614,,1
47341B,BLUE TABLE RUN FLOWER,1
81950B,FLOWER BLUE CLOCK WITH SUCKER,1
23614,SET 10 CARDS 12 DAYS WRAP  17058,1
23468,TUSCAN VILLA BIRD TABLE ,1
23467,VINTAGE ZINC PLANTER  ,1
21777,RECIPE BOX WITH METAL HEART,1
21190,PINK HEARTS PAPER GARLAND,1
17164B,ASS COL SMALL SAND GECKO P'WEIGHT,1
90194,SILVER LARIAT BLACK STONE EARRINGS,1
84760S,SMALL HANGING GLASS+ZINC LANTERN,1
90177E,DROP DIAMANTE EARRINGS GREEN,1
17090A,LAVENDER INCENSE 40 CONES IN TIN,1
90180A,BLACK+WHITE NECKLACE W TASSEL,1
90186A,AMETHYST HOOP EARRING FLORAL LEAF,1
90002D,FLOWER BURST SILVER RING CRYSTAL,1
85167B,BLACK GRAND BAROQUE PHOTO FRAME,1
90141A,GREEN PENDANT TRIPLE SHELL NECKLACE,1
20960,WATERMELON BATH SPONGE,1
85099f,JUMBO BAG STRAWBERRY,1
21040,MODERN VINTAGE COTTON SHOPPING BAG,1
21692,,1
84809A,WHITE CHRYSANTHEMUMS ART FLOWER,1
84840,SWEETHEART CARRY-ALL BASKET,1
90085,CRYSTAL STILETTO PHONE CHARM,1
21336,GOLD WASHBAG,1
20857,BLUE ROSE PATCH PURSE PINK BUTTERFL,1
90214Z,"LETTER ""Z"" BLING KEY RING",1
85024C,PINK SMALL JEWELLED PHOTOFRAME,1
90040C,MURANO STYLE GLASS BRACELET GOLD,1
90089,PINK CRYSTAL SKULL PHONE CHARM,1
90093,CLEAR CRYSTAL STAR PHONE CHARM,1
20778,GARDEN PATH NOTEBOOK ,1
79066k,RETRO MOD TRAY,1
85006,SET 4 NURSERY DES ROUND BOXES,1
20826,SILVER APERITIF GLASS,1
21145,ANTIQUE GLASS PLACE SETTING,1
90210A,GREY ACRYLIC FACETED BANGLE,1
90125A,PINK BERTIE GLASS BEAD BAG CHARM,1
90125E,AMBER BERTIE GLASS BEAD BAG CHARM,1
gift_0001_20,Dotcomgiftshop Gift Voucher £20.00,1
20933,YELLOW POT PLANT CANDLE,1
90182C,BLACK 3 BEAD DROP EARRINGS,1
47351B,BLUE  VOILE LAMPSHADE,1
16162L,THE KING GIFT BAG,1
90190A,SILVER/CRYSTAL DROP EARRINGS W LEAF,1
90038A,GLASS AND PAINTED BEADS BRACELET TO,1
85198,ASSORTED FARMYARD ANIMALS IN BUCKET,1
85028S,,1
44092C,PURPLE/COPPER HANGING LAMPSHADE,1
90177A,CLASSIC DIAMANTE EARRINGS JET,1
79026B,"S/4 ICON COASTER,ELVIS LIVES",1
78033,FLAG OF ST GEORGE CHAIR,1
84686,BEACH HUT MIRROR,1
20823,GOLD WINE GOBLET,1
90018C,SILVER BLACK ORBIT DROP EARRINGS,1
84746,,1
81952B,ROUND BLUE CLOCK WITH SUCKER,1
84706F,RED PEONY TABLE CLOCK,1
16162M,,1
23629,SET 10 CARDS DRESSING UP 17077,1
23632,SET 10 CARDS CHEERFUL ROBIN 17065,1
23442,12 HANGING EGGS HAND PAINTED,1
21816,CHRISTMAS TREE T-LIGHT HOLDER,1
20878,SET/9 CHRISTMAS T-LIGHTS SCENTED ,1
21370,MIRRORED WALL ART FOXY,1
17014A,ORIGAMI VANILLA INCENSE CONES,1
90054,CRACKED GLAZE EARRINGS RED,1
62096A,PINK/YELLOW FLOWERS HANDBAG,1
21392,RED POLKADOT PUDDING BOWL,1
21393,BLUE POLKADOT PUDDING BOWL,1
22034,ROBIN CHRISTMAS CARD,1
21910,WAY OUT METAL SIGN ,1
62094B,TURQ ICE CREAM BUM BAG ,1
16169K,WRAP FOLK ART,1
90175B,PINK GLASS CHUNKY CHARM BRACELET,1
90023,FILIGREE DIAMANTE EARRINGS,1
90184A,AMBER CHUNKY BEAD BRACELET W STRAP,1
90039D,FIRE POLISHED GLASS BRACELET GREEN,1
90033,IVORY SHELL HEART EARRINGS,1
35809a,ENAMEL PINK TEA CONTAINER,1
17165D,ASS COL LARGE SAND FROG P'WEIGHT,1
85084,HOLLY TOP CHRISTMAS STOCKING,1
21736,GOLD SCROLL GLASS T-LIGHT HOLDER,1
90210D,PURPLE ACRYLIC FACETED BANGLE,1
90206A,GOLD DIAMANTE STAR BROOCH,1
84804A,CREAM DELPHINIUM ARTIFICIAL FLOWER,1
90163A,PINK ROSEBUD & PEARL NECKLACE,1
20698,LITTLE PINK MONSTER SOFT TOY,1
21461,BLUE EASTER EGG HUNT START POST,1
47590b,PINK HAPPY BIRTHDAY BUNTING,1
90123A,PINK HEART OF GLASS BRACELET,1
90148,LONG SILVER NECKLACE PASTEL FLOWER,1
90183C,BLACK DROP EARRINGS W LONG BEADS,1
35637C,PINK STRING CURTAIN WITH POLE,1
75172,PAINTED SEA SHELL METAL WINDCHIME,1
44236,PINK/PURPLE CIRCLE CURTAIN,1
72140E,BEST DAD CANDLE LETTERS,1
20796,SMALL BLUE PROVENCAL CERAMIC BALL,1
gift_0001_10,Dotcomgiftshop Gift Voucher £10.00,1
84086B,YELLOW/BLUE RETRO RADIO,1
84842,HELLO SAILOR BATHROOM SET,1
46126A,ELVIS WALLHANGING / CURTAIN,1
20821,GOLDIE LOOKING MIRROR,1
84875D,BLUE SQUARE COMPACT MIRROR,1
85132b,CHARLIE AND LOLA TABLE TINS,1
90083,CRYSTAL CZECH CROSS PHONE CHARM,1
23637,SET 10 CARDS OUT OF ORDER 17216,1
23305,SET 4 PICNIC CUTLERY BLUEBERRY,1
23304,SET 4 PICNIC CUTLERY CHERRY ,1
17011F,ORIGAMI SANDLEWOOD INCENSE+FLOWER,1
20835,FRENCH LATTICE CUSHION COVER ,1
21018,BIRD BOX CHRISTMAS TREE DECORATION,1
90211A,DIAMOND LAS VEGAS NECKLACE 45CM,1
85216,ASSORTED CAKES FRIDGE MAGNETS,1
90178A,AMBER CHUNKY GLASS+BEAD NECKLACE,1
90081A,LILY BROOCH AMETHYST COLOUR,1
90199B,5 STRAND GLASS NECKLACE AMETHYST,1
90214Y,"LETTER ""Y"" BLING KEY RING",1
37489C,GREEN/BLUE FLOWER DESIGN BIG MUG,1
90010B,BLACK/WHITE GLASS/SILVER BRACELET,1
79149B,SILICON STAR BULB  BLUE,1
84921,CREAM AND PINK FLOWERS PONY ,1
21785,RAIN PONCHO ,1
75013B,"STRING OF 8 BUTTERFLIES,PINK",1
22830,UTILTY CABINET WITH HOOKS,1
84881,BLUE WIRE SPIRAL CANDLE HOLDER,1
90212B,JET BLACK LAS VEGAS BRACELET ROUND,1
21720,CAKE SHOP  STICKER SHEET,1
47586A,PINK FAIRY CAKE CUSHION COVER,1
17084J,LOVE POTION MASALA INCENSE,1
90187B,GREEN DROP EARRINGS W BEAD CLUSTER,1
85132a,CHARLIE + LOLA BISCUITS TINS,1
84497,BUTTONS AND STRIPES NOTEBOOK ,1
72709,IVORY SCULPTED RND CANDLE ,1
71495B,CD WALL TIDY RED FLOWERS,1
90188,DROP EARRINGS W FLOWER & LEAF,1
81950V,FLOWER PURPLE CLOCK W/SUCKER,1
71495A,CD WALL TIDY BLUE OFFICE,1
90032,IVORY SHELL HEART NECKLACE,1
21331,MOROCCAN BEATEN METAL DISH LARGE,1
20848,ZINC HEART LATTICE CHARGER SMALL,1
90141C,TURQ PENDANT TRIPLE SHELL NECKLACE,1
gift_0001_30,Dotcomgiftshop Gift Voucher £30.00,1
90038B,GLASS AND PAINTED BEADS BRACELET OL,1
84527,FLAMES SUNGLASSES PINK LENSES,1
84465,15 PINK FLUFFY CHICKS IN BOX,1
20851,ZINC HEART LATTICE TRAY OVAL ,1
35815P,"ACRYLIC JEWEL SNOWFLAKE, PINK",1
71510,SQUARE METAL CANDLEHOLDER BASE,1
90064B,BLACK VINTAGE  CRYSTAL EARRINGS,1
90063A,WHITE VINT ART DECO CRYSTAL NECKLAC,1
79406,FROSTED WHITE BASE ,1
90000A,RASPBERRY ANT COPPER FLOWER NECKLAC,1
84858C,PINK RIVIERA HANDBAG,1
35607B,BLACK FEATHER CHRISTMAS DECORATION,1
16248B,BLUE HOLE PUNCH,1
90124C,GREEN MURANO TWIST NECKLACE,1
84548,CROCHET BEAR RED/BLUE  KEYRING,1
62043B,,1
22039,BOTANICAL LILY GIFT WRAP,1
72811,SMALL ZINC/GLASS CANDLEHOLDER,1
90058A,CRYSTAL STUD EARRINGS CLEAR DISPLAY,1
23038,T-LIGHT HOLDER SILVER SAUCER,1
90182A,AMBER 3 BEAD DROP EARRINGS,1
35819P,,1
23640,SET 10 CARDS SCOTTIE DOG 17211,1
23463,VINTAGE ZINC WATERING CAN,1
23464,VINTAGE ZINC WATERING CAN SMALL,1
90210B,CLEAR ACRYLIC FACETED BANGLE,1
85067,CREAM SWEETHEART WALL CABINET,1
90051,CRACKED GLAZE NECKLACE RED,1
90138,WHITE/PINK MINI CRYSTALS NECKLACE,1
20798,CLEAR MILKSHAKE GLASS,1
90082D,DIAMANTE BOW BROOCH BLACK COLOUR,1
85018D,YULETIDE IMAGES S/6 PAPER BOXES,1
48173c,DOORMAT BLACK FLOCK ,1
78034B,BLUE NETTING STORAGE HANGER,1
22833,HALL CABINET WITH 3 DRAWERS,1
35001W,HAND OPEN SHAPE DECO.WHITE,1
90129D,AMBER GLASS TASSLE BAG CHARM,1
84388,WISE MAN STAR SHAPE EGG PAN,1
90000B,MIDNIGHT BLUE COPPER FLOWER NECKLAC,1
90211B,JET BLACK LAS VEGAS NECKLACE 45CM,1
22828,REGENCY MIRROR WITH SHUTTERS,1
21763,,1
90031,BILI NUT AND WOOD NECKLACE,1
90067A,PINK VINTAGE VICTORIAN EARRINGS,1
85031A,ROMANTIC IMAGES SCRAP BOOK SET,1
90190B,GOLD/AMBER DROP EARRINGS W LEAF,1
90162C,ANT SILVER FUSCHIA BOUDICCA RING,1
84597B,RETRO BROWN BALL ASHTRAY ,1
90146,FINE SILVER NECKLACE W PASTEL FLOWE,1
21348,PINK SPOTS CHOCOLATE NESTING BOXES ,1
90177B,DROP DIAMANTE EARRINGS BLACK DIAMON,1
90011B,BLACK CRYSTAL DROP EARRINGS,1
90125C,TURQUOISE BERTIE GLASS BEAD CHARM,1
90155,RESIN NECKLACE W PASTEL BEADS,1
90181A,AMBER GLASS/SHELL/PEARL NECKLACE,1
84033,FLAG OF ST GEORGE ,1
84801A,PINK HYDRANGEA ART FLOWER,1
40046A,RED DAISY PAPER LAMPSHADE,1
21344,MOROCCAN BEATEN METAL DISH,1
90016A,SILVER/M.O.P PENDANT ORBIT NECKLACE,1
85028L,,1
17084A,TRANQUILITY MASALA INCENSE,1
90024B,NEW BAROQUE B'FLY NECKLACE RED,1
47341A,FUSCHIA TABLE RUN FLOWER ,1
85030,FRENCH CHATEAU OVAL PLATTER,1
21637,ASSORTED SANSKRIT MINI NOTEBOOK,1
47344B,BLUE FLOWER DES PURSE,1
84549,CROCHET WHITE RABBIT KEYRING ,1
16049,TEATIME GEL PENS ASST,1
84804B,BLUE DELPHINIUM ARTIFICIAL FLOWER,1
90030A,SPOTTED WHITE NATURAL SEED NECKLACE,1
23620,SET 10 CARDS PERFECT POST 17090,1
23607,SET 10 CARDS HATS & STOCKINGS 17081,1
23636,SET 10 CARDS WISHING TREE 17116,1
23616,SET 10 CARDS JINGLE BELLS 17217,1
22765,NEWSPAPER STAND,1
90175C,BLUE GLASS CHUNKY CHARM BRACELET,1
90199A,5 STRAND GLASS NECKLACE BLACK,1
84596e,SMALL LICORICE DES PINK BOWL,1
90060F,FIRE POLISHED GLASS NECKL GREEN,1
17109D,FLOWER FAIRY INCENSE BOUQUET,1
90039C,FIRE POLISHED GLASS BRACELET BLACK,1
90179C,BLACK FINE BEAD NECKLACE W TASSEL,1
46000P,POLYESTER FILLER PAD 65CMx65CM,1
20892,SET/3 TALL GLASS CANDLE HOLDER PINK,1
21661,,1
90039B,FIRE POLISHED GLASS BRACELET MONTAN,1
90042C,,1
84968e,SET OF 16 VINTAGE BLACK CUTLERY,1
20793,BLUE TILED TRAY,1
84922,PINK BUTTERFLY WASHBAG,1
90120D,WHITE MURANO TWIST BRACELET,1
90012A,MIDNIGHT BLUE DROP CRYSTAL NECKLACE,1
90199D,5 STRAND GLASS NECKLACE AMBER,1
90027D,GLASS BEAD HOOP EARRINGS AMETHYST,1
90011A,MIDNIGHT BLUE CRYSTAL DROP EARRINGS,1
35443,RASTA IN BATH W SPLIFF ASHTRAY,1
20785,FUSCHIA RETRO BAR STOOL,1
85089,CANDY SPOT BUNNY,1
90123C,GREEN HEART OF GLASS BRACELET,1
21655,HANGING RIDGE GLASS T-LIGHT HOLDER,1
21667,,1
90122B,JADE CRYSTAL+GLASS BRACELET,1
85231g,ORANGE SCENTED SET/9 T-LIGHTS,1
72369A,PINK CLEAR GLASS CANDLE PLATE,1
84462,3 PINK HEN+CHICKS IN BASKET,1
84632,DECORATIVE HANGING SHELVING UNIT,1
84723,CHERRY BLOSSOM CANVAS ART PICTURE,1
90064A,WHITE VINTAGE CRYSTAL EARRINGS,1
90063B,BLACK VINT ART DEC CRYSTAL NECKLACE,1
44089C,LILAC GAUZE BUTTERFLY LAMPSHADE,1
71050,SMALL SINGLE FLAME CANDLE HOLDER,1
90124A,PINK MURANO TWIST NECKLACE,1
84984A,GREEN PEONY CUSHION COVER,1
81953B,ROUND BLUE CLOCK WITH SUCKER,1
90130A,WHITE STONE/CRYSTAL EARRINGS,1
23623,SET 10 CARD CHRISTMAS WELCOME 17112,1
23613,SET 10 XMAS CARDS & BADGES 17070,1
23303,SET 4 PICNIC CUTLERY FONDANT,1
35591T,TURQUOISE CHRISTMAS TREE ,1
90036F,"FLOWER GLASS GARLD NECKL36""TURQUOIS",1
90196A,PURPLE GEMSTONE NECKLACE 45CM,1
21416,CLAM SHELL LARGE,1
18097A,PINK TALL PORCELAIN T-LIGHT HOLDER ,1
84270,ASSTD DESIGN BUBBLE GUM RING,1
90196B,BLACK GEMSTONE NECKLACE 45CM,1
84562A,PINK/WHITE RIBBED MELAMINE JUG,1
21836,,1
90050,CRACKED GLAZE NECKLACE IVORY,1
90162D,ANT SILVER PURPLE BOUDICCA RING,1
35958,FOLKART ZINC STAR CHRISTMAS DEC,1
90001D,ANTIQUE OLIVE GREEN FLOWER EARRINGS,1
90141B,IVORY PENDANT TRIPLE SHELL NECKLACE,1
10124A,SPOTS ON RED BOOKCOVER TAPE,1
84596b,SMALL DOLLY MIX DESIGN ORANGE BOWL,1
84558a,3D DOG PICTURE PLAYING CARDS,1
90001C,ANTIQUE OPAL WHITE FLOWER EARRINGS,1
84415B,BLUE FLOCK CUSHION COVER ,1
84706D,CHERRY BLOSSOM TABLE CLOCK ,1
90036D,"FLOWER GLASS GARLAND NECKL.36""BLACK",1
90214O,"LETTER ""O"" BLING KEY RING",1
37444B,BLUE BREAKFAST CUP AND SAUCER ,1
84798A,PINK FOXGLOVE ARTIIFCIAL FLOWER,1
90040A,MURANO STYLE GLASS BRACELET RED,1
DCGS0003,BOXED GLASS ASHTRAY,1
16033,MINI HIGHLIGHTER PENS,1
82605,OLD DOC RUSSEL METAL SIGN,1
20818,GOLD TEDDY BEAR,1
90076,MONTANA DIAMOND CLUSTER EARRINGS,1
84575A,PINK DOG CANNISTER,1
84666,SQUARE CHERRY BLOSSOM CABINET,1
90179A,AMBER FINE BEAD NECKLACE W TASSEL,1
22206,"MUG , DOTCOMGIFTSHOP.COM ",1
90154,LAZER CUT NECKLACE W PASTEL BEADS,1
90055,CRACKED GLAZE EARRINGS BROWN,1
47518f,ICON PLACEMAT POP ART ELVIS,1
90152A,SILVER/NAT SHELL NECKLACE W PENDANT,1
90037B,TINY CRYSTAL BRACELET GREEN,1
90163B,WHITE ROSEBUD & PEARL NECKLACE,1
47589,CONGRATULATIONS BUNTING,1
90123B,TURQUOISE HEART OF GLASS BRACELET,1
90214W,"LETTER ""W"" BLING KEY RING",1
44091A,BLUE CRUSOE CHECK LAMPSHADE,1
90037C,TINY CRYSTAL BRACELET BLUE,1
85189,HANGING BUTTERFLY  EGG,1
84745A,PINK HANGING GINGHAM EASTER HEN,1
84745B,BLUE HANGING GINGHAM EASTER HEN,1
21897,POTTING SHED CANDLE CITRONELLA,1
72807a,SET/3 ROSE CANDLE IN JEWELLED BOX,1
90027C,GLASS BEAD HOOP EARRINGS GREEN,1
22764,"RUSTIC WOODEN CABINET, GLASS DOORS",1
72821,CUPID SCENTED CANDLE IN GLASS,1
90123D,WHITE HEART OF GLASS BRACELET,1
84805A,CREAM CLIMBING HYDRANGA ART FLOWER,1
79062D,,1
35645,,1
84798B,PURPLE FOXGLOVE ARTIIFCIAL FLOWER,1
90180B,PURPLE AMETHYST NECKLACE W TASSEL,1
44092B,BLUE WHITE PLASTIC RINGS LAMPSHADE,1
90065A,WHITE VINTAGE CRYSTAL BRACELET,1
35638A,PINK AND BLACK STRING CURTAIN,1
84691,PACK 20 DOLLY PEGS,1
90157,RIVIERA NECKLACE,1
84803B,WHITE ALLIUM  ARTIFICIAL FLOWER,1
47013A,WINE BOTTLE DRESSING LT.BLUE,1
90182B,AMETHYST 3 BEAD DROP EARRINGS,1
35809B,,1
90014C,SILVER/BLACK ORBIT NECKLACE,1
84990,,1
84877A,PINK ROUND COMPACT MIRROR,1
79336,,1
35818B,,1
90036C,"FLOWER GLASS GARLAND NECKL.36""BLUE",1
90159,COTE D'AZURE NECKLACE,1
22987,WRAP SUMMER ROSE DESIGN,1
84984B,RED PEONY CUSHION COVER ,1
35966,FOLKART CHRISTMAS TREE T-LIGHT HOLD,1
90176D,DIAMANTE NECKLACE PURPLE,1
72807c,SET/3 VANILLA SCENTED CANDLE IN BOX,1
35638B,PINK/BLUE STRING CURTAIN ,1
90209A,PURPLE ENAMEL+GLASS HAIR COMB,1
23634,SET 10 CARDS XMAS CHOIR 17068,1
23646,SET 10 CARDS JINGLE BELLS 16957,1
23644,SET 10 CARDS CHRISTMAS TREE 16955,1
23440,PAINT YOUR OWN EGGS IN CRATE,1
35610A,PINK CHRISTMAS FLOCK DROPLET ,1
37509,,1
37491A,YELLOW/PINK CERAMIC CANDLE HOLDER,1
72798C,SET/4 GARDEN ROSE DINNER CANDLE,1
10124G,ARMY CAMO BOOKCOVER TAPE,1
90195B,BLACK GEMSTONE BRACELET,1
10123C,HEARTS WRAPPING TAPE ,1
37464,ROBOT MUG IN DISPLAY BOX,1
20910,VINTAGE PHOTO ALBUM PARIS DAYS,1
90151,SILVER/NATURAL SHELL NECKLACE,1
85126,,1
47556B,,1
21011,,1
90053,CRACKED GLAZE EARRINGS IVORY,1
16010,FOLDING CAMPING SCISSOR W/KNIF & S,1
90056,CHUNKY CRACKED GLAZE NECKLACE IVORY,1
21827,EIGHT PIECE CREEPY CRAWLIE SET,1
40005B,BLUE ORGANDY ROUND LAMPSHADE W BEA,1
84968B,,1
85047,WHITE BEADED GARLAND STRING 20LIGHT,1
16202E,BLACK PHOTO ALBUM ,1
20703,BLUE PADDED SOFT MOBILE,1
20695,FLORAL BLUE MONSTER,1
21144,PINK POODLE HANGING DECORATION ,1
72815,3 WICK CHRISTMAS BRIAR CANDLE ,1
85195,HANGING HEART BASKET,1
90035A,"PEARL & SHELL 42""NECKL. GREEN",1
84613A,PINK NEW BAROQUE FLOCK CANDLESTICK,1
90012B,BLACK DROP CRYSTAL NECKLACE,1
90142D,MOP PENDANT SHELL NECKLACE,1
82613b,"METAL SIGN,CUPCAKE SINGLE HOOK",1
82613c,"METAL SIGN,CUPCAKE SINGLE HOOK",1
84499,BLACK FLOWER CANDLE PLATE,1
90024F,NEW BAROQUE B'FLY NECKLACE CRYSTAL,1
gift_0001_50,Dotcomgiftshop Gift Voucher £50.00,1
90041,PEARL AND CHERRY QUARTZ BRACLET,1
35910A,MULTICOLOUR EASTER RABBIT ,1
79323B,BLACK CHERRY LIGHTS,1
79323P,PINK CHERRY LIGHTS,1
90079,VINTAGE ENAMEL & CRYSTAL NECKLACE,1
85206B,PINK FELT EASTER EGG BASKET,1
22125,UNION JACK HOT WATER BOTTLE ,1
84715,SET OF 6 ICE CREAM SKITTLES,1
71496B,A4 WALL TIDY RED FLOWERS,1
62074B,ELEPHANT CLIP W SUCTION CUP,1
84801B,WHITE HYDRANGEA ART FLOWER,1
72807b,SET/3 OCEAN SCENT CANDLE JEWEL BOX,1
84509b,SET OF 4 FAIRY CAKE PLACEMATS,1
44089A,PINK GAUZE BUTTERFLY LAMPSHADE,1
84536a,ENGLISH ROSE NOTEBOOK A7 SIZE,1
90029,NEW BAROQUE SMALL NECKLACE BLACK,1
79331,PINK FLOCK GLASS CANDLEHOLDER,1
90001A,ANTIQUE RASPBERRY FLOWER EARRINGS,1
37423,WHITE WITH BLACK CATS PLATE,1
90038C,GLASS AND BEADS BRACELET IVORY,1
84750A,PINK SMALL GLASS CAKE STAND,1
37488A,YELLOW PINK FLOWER DESIGN BIG BOWL,1
81953P,,1
62097B,,1
PADS,PADS TO MATCH ALL CUSHIONS,1
37471,MULTICOLOUR POLKADOT PLATE,1
90036A,FLOWER GARLAND NECKLACE RED,1
16151A,FLOWERS HANDBAG blue and orange,1
90149,SILVER FLOWR PINK SHELL NECKLACE,1
84805B,wet damaged,1
79161A,,1
90025F,BAROQUE BUTTERFLY EARRINGS CRYSTAL,1
84402B,PURPLE DRESS JEWELLERY STAND,1
84984D,ORIENTAL RED CUSHION COVER ,1
35597D,PINK/WHITE CHRISTMAS TREE 30CM,1
23625,SET 6 CARDS SPARKLY REINDEER 17262,1
23639,SET 10 CARDS MAGICAL TREE 17086,1
23624,SET 10 CARD PERFECT NATIVITY 17089,1
20935,ROUND CACTUS CANDLE,1
23601,SET 10 CARDS SNOWY SNOWDROPS  17100,1
23650,SET 10 CARDS FILIGREE BAUBLE 16961,1
23447,PINK BUNNY EASTER EGG BASKET,1
23702,,1
23615,SET 10 CARDS PRINTED GRAPHIC 17219,1
23645,SET 10 CHRISTMAS CARDS HOHOHO 16956,1
23654,SET 10 CARD SNOWMAN 16965,1
23621,SET 10 CARDS DAVID'S MADONNA 17074,1
20820,SILVER LOOKING MIRROR,1
21895,POTTING SHED SOW 'N' GROW SET,1
22145,,1
37461,,1
21594,Dr. Jam's Arouzer Stress Ball,1
84856L,LARGE TAHITI BEACH BAG,1
90024C,NEW BAROQUE B'FLY NECKLACE GREEN,1
90077,BLACK DIAMOND CLUSTER EARRINGS,1
35271S,GOLD PRINT PAPER BAG,1
21538,DAIRY MAID  PUDDING BOWL,1
21769,VINTAGE POST OFFICE CABINET,1
84539,KNITTED RABBIT DOLL ,1
21414,,1
37474,,1
20671,BLUE TEATIME PRINT BOWL ,1
90132,LIGHT TOPAZ TEAL/AQUA COL NECKLACE,1
90060D,FIRE POLISHED GLASS NECKL BRONZE,1
17007B,S/3 POT POURI CUSHIONS BLUE COLOURS,1
46115B,GREEN POP ART MAO CUSHION COVER ,1
84975,HEART SHAPED MIRROR,1
21595,Dad's Cab Electronic Meter,1
90074,BLACK DIAMOND CLUSTER NECKLACE,1
90027A,GLASS BEAD HOOP EARRINGS BLACK,1
90212C,PURPLE LAS VEGAS BRACELET ROUND,1
20906,VINTAGE NOTEBOOK BEAUTY GIRL,1
90120A,PINK MURANO TWIST BRACELET,1
84977,,1
84968a,SET OF 16 VINTAGE ROSE CUTLERY,1
16169P,WRAP GREEN RUSSIAN FOLKART ,1
35610C,WHITE CHRISTMAS FLOCK DROPLET ,1
85136B,BLUE SHARK HELICOPTER,1
35817P,"ACRYLIC JEWEL SNOWFLAKE,PINK",1
79329,PINK FLOCK GLASS CANDLEHOLDER,1
35607A,PINK FLUFFY CHRISTMAS DECORATION,1
20954,*USB Office Mirror Ball,1
90027B,GLASS BEAD HOOP EARRINGS MONTANA,1
90011D,PURPLE CRYSTAL DROP EARRINGS,1
90176B,DIAMANTE NECKLACE BLACK ,1
gift_0001_40,Dotcomgiftshop Gift Voucher £40.00,1
85231b,CINAMMON SET OF 9 T-LIGHTS,1
90013D,PURPLE VINTAGE EARRINGS,1
84689,,1
84675,,1
35909A,RABBIT EASTER DECORATION,1
21757,LIGHTHOUSE PRINTED METAL SIGN,1
90156,RESIN BRACELET W PASTEL BEADS,1
84617,NEW BAROQUE BLACK BOXES,1
90137,PINK COMBO MINI CRYSTALS NECKLACE,1
90011E,AMBER CRYSTAL DROP EARRINGS,1
90039A,FIRE POLISHED GLASS BRACELET RED,1
90130D,RED STONE/CRYSTAL EARRINGS,1
17174,ASSTD RASTA KEY-CHAINS,1
79192A,RETRO PLASTIC 70'S TRAY,1
22351,Given away,1
84227,,1
84968d,SET OF 16 VINTAGE RED CUTLERY,1
85092,CANDY SPOT TEA COSY,1
21228,"POCKET MIRROR ""GLAMOROUS""",1
44265,M/COLOUR POM-POM CURTAIN,1
21681,GIANT MEDINA STAMPED METAL BOWL ,1
90026D,GLASS BEAD HOOP NECKLACE AMETHYST,1
90026C,GLASS BEAD HOOP NECKLACE GREEN,1
90026B,GLASS BEAD HOOP NECKLACE MONTANA,1
90176A,CLASSIC DIAMANTE NECKLACE JET,1
90016C,SILVER/BLACK PENDANT ORBIT NECKLACE,1
90025D,BAROQUE BUTTERFLY EARRINGS PINK,1
62096B,PURPLE/TURQ FLOWERS HANDBAG,1
84593,CROCHET ROSE DES CLOTHES HANGER,1
85132c,CHARLIE AND LOLA FIGURES TINS,1
90075,MONTANA DIAMOND CLUSTER NECKLACE,1
35910B,PINK FLOWERS RABBIT EASTER,1
84856S,SMALL TAHITI BEACH BAG,1
84743C,ORANGE FELT VASE + FLOWERS,1
20816,,1
37487B,YELLOW/ORANGE FLOWER DESIGN PLATE,1
44242B,PINK FEATHERS CURTAIN,1
16202B,PASTEL BLUE PHOTO ALBUM ,1
20827,GOLD APERITIF GLASS,1
72024U,LILAC VOTIVE CANDLE,1
16244B,MAXWELL 2 TONE BLUE 60 PAGE PHOTO A,1
85225,BLING KEY RING STAND,1
84873A,,1
47574B,ENGLISH ROSE SCENTED HANGING HEART,1
85034a,3 GARDENIA MORRIS BOXED CANDLES,1
16043,POP ART PUSH DOWN RUBBER ,1
84415A,PINK FLOCK SUEDE CUSHION COVER ,1
90001B,ANTIQUE MID BLUE FLOWER EARRINGS,1
84857B,,1
90049,IVORY GOLD METAL BAG CHARM,1
84924F,PSYCHEDELIC METAL SIGN CALENDAR,1
B,Adjust bad debt,1
84206A,3 BLACK CATS W HEARTS BLANK CARD,1
90176E,DIAMANTE NECKLACE GREEN,1
35598C,found,1
15060b,FAIRY CAKE DESIGN UMBRELLA,1
23630,SET 10 CARDS HANGING BAUBLES 17080,1
35598A,,1
23610,SET 10 CARDS CHRISTMAS ROBIN 17095,1
23635,SET 10 CARDS CHRISTMAS HOLLY  17259,1
79157V,UBO-LIGHT TRIOBASE PURPLE,1
23448,CREAM BUNNY EASTER EGG BASKET,1
23446,BLUE BUNNY EASTER EGG BASKET,1
23633,SET 10 CARDS WORLD CHILDREN 17067,1
23608,SET 10 CARDS RUDOLPHS NOSE 17097,1
90179B,PURPLE FINE BEAD NECKLACE W TASSEL,1
23441,HAND PAINTED HANGING EASTER EGG,1
84854,GIRLY PINK TOOL SET,1
84534b,FAIRY CAKE NOTEBOOK A5 SIZE,1
47503J,SET/3 FLORAL GARDEN TOOLS IN BAG,1
90128B,BLUE LEAVES AND BEADS PHONE CHARM,1
90152B,BLUE/GREEN SHELL NECKLACE W PENDANT,1
84614A,PINK BAROQUE FLOCK CANDLE HOLDER,1
90167,BEADED LOVE HEART JEWELLERY SET,1
79151B,"SILICON CUBE 25W, BLUE",1
47579,TEA TIME BREAKFAST BASKET,1
84773,RED ROSE AND LACE C/COVER,1
90140,PINK SWEETIE NECKLACE,1
35833G,4 GOLD FLOCK CHRISTMAS BALLS,1
35597A,DUSTY PINK CHRISTMAS TREE 30CM,1
20861,GOLD COSMETIC BAG PINK STAR,1
22528,GARDENERS KNEELING PAD,1
21410,COUNTRY COTTAGE  DOORSTOP GREEN,1
85119,WATERING CAN SINGLE HOOK PISTACHIO,1
47570b,TEA TIME TABLE CLOTH,1
85170A,SET/6 IVORY BIRD T-LIGHT CANDLES,1
85068,CREAM SWEETHEART SHELF + HOOKS,1
84613C,BLUE NEW BAROQUE FLOCK CANDLESTICK,1
90034,WHITE SILVER NECKLACE SHELL GLASS,1
71215,METAL BASE FOR CANDLES,1
21120,*Boombox Ipod Classic,1
90128A,PINK LEAVES AND BEADS PHONE CHARM,1
90128C,GREEN LEAVES AND BEADS PHONE CHARM,1
90128D,PURPLE LEAVES AND BEADS PHONE CHAR,1
DCGS0076,SUNJAR LED NIGHT NIGHT LIGHT,1
21186,,1
84802A,,1
22218,,1
85035a,GARDENIA 3 WICK MORRIS BOXED CANDLE,1
84660b,BLACK STITCHED WALL CLOCK,1
35004P,SET OF 3 PINK FLYING DUCKS,1
35609A,PINK FEATHER CHRISTMAS DECORATION,1
35610B,BLACK CHRISTMAS FLOCK DROPLET ,1
20860,GOLD COSMETICS BAG WITH BUTTERFLY,1
21160,KEEP OUT GIRLS DOOR HANGER ,1
90042A,FRESHWATER PEARL BRACELET GOLD,1
90136,PALE PINK/AMETHYST STONE NECKLACE,1
85031C,CURIOUS IMAGES SCRAP BOOK SET,1
21491,SET OF THREE VINTAGE GIFT WRAPS,1
21009,ETCHED GLASS STAR TREE DECORATION,1
44228,CANNABIS LEAF BEAD CURTAIN,1
DCGS0070,CAMOUFLAGE DOG COLLAR,1
90024E,NEW BAROQUE B'FLY NECKLACE MONTANA,1
16206B,RED PURSE WITH PINK HEART,1
90112,PINK DOLLY HAIR CLIPS,1
21412,VINTAGE GOLD TINSEL REEL,1
85042,ANTIQUE LILY FAIRY LIGHTS,1
21645,ASSORTED TUTTI FRUTTI ROUND BOX,1
22323,PINK POLKADOT KIDS BAG,1
90141D,ROSE PENDANT TRIPLE SHELL NECKLACE,1
79323W,WHITE CHERRY LIGHTS,1
37379A,PINK CHERRY BLOSSOM CUP & SAUCER,1
35647,VINTAGE BEAD PINK SHADE ,1
22146,EASTER CRAFT IVY WREATH WITH CHICK,1
37351,ORANGE FLOWER MUG ,1
85160A,WHITE BIRD GARDEN DESIGN MUG,1
DCGS0069,OOH LA LA DOGS COLLAR,1
84795C,OCEAN STRIPE HAMMOCK ,1
85063,CREAM SWEETHEART MAGAZINE RACK,1
84611B,thrown away,1
45013,FOLDING SHOE TIDY,1
35909B,PINK FLOWERS RABBIT EASTER,1
37491D,PURPLE/BLUE CERAMIC CANDLE HOLDER,1
90100,NECKLACE+BRACELET SET PINK DAISY,1
84809B,PINK CHRYSANTHEMUMS ART FLOWER,1
90135,ORANGE/WHT/FUSCHIA STONES NECKLACE,1
90176C,DIAMANTE NECKLACE,1
84802B,PURPLE ANEMONE ARTIFICIAL FLOWER,1
90084,PINK CRYSTAL GUITAR PHONE CHARM,1
16202A,PASTEL PINK PHOTO ALBUM ,1
85098B,BLUE FLYING SINGING CANARY,1
90131,PINK/AMETHYST/GOLD NECKLACE,1
85224,ASSORTED COLOUR SILK GLASSES CASE,1
84569C,PACK 4 FLOWER/BUTTERFLY PATCHES,1
21839,MUMMY MOUSE RED GINGHAM RIBBON,1
85049b,LUSH GREENS RIBBONS,1
85049d,BRIGHT BLUES RIBBONS ,1
35650,,1
90024D,NEW BAROQUE B'FLY NECKLACE PINK,1
90025A,BAROQUE BUTTERFLY EARRINGS BLACK,1
84731,3 BIRDS CANVAS SCREEN,1
84016,FLAG OF ST GEORGE CAR FLAG,1
20964,POLYESTER FILLER PAD 60x40cm,1
84509g,SET OF 4 FAIRY CAKE PLACEMATS ,1
84206C,CHAMPAGNE TRAY BLANK CARD,1
84660a,WHITE STITCHED WALL CLOCK,1
84824,DANISH ROSE UMBRELLA STAND,1
77079,DOLPHIN WINDMILL,1
90036B,"FLOWER GLASS GARLAND NECKL.36""GREEN",1
84551,CROCHET DOG KEYRING,1
84679,CLASSICAL ROSE TABLE LAMP,1
84387A,,1
72802a,ROSE SCENT CANDLE IN JEWELLED BOX,1
90011C,GREEN CRYSTAL DROP EARRINGS,1
90043,COPPER AND BRASS BAG CHARM,1
90067B,BROWN VINTAGE VICTORIAN EARRINGS,1
90141E,ORANGE PENDANT TRIPLE SHELL NECKLAC,1
84732D,CUTE RABBIT CEATURE SCREEN ,1
84732B,CUTE BIRD CEATURE SCREEN,1
35816P,"ACRYLIC JEWEL ANGEL,PINK",1
90052,CRACKED GLAZE NECKLACE BROWN,1
84201B,HAPPY BIRTHDAY CARD STRIPEY TEDDY,1
85184c,SET 4 VALENTINE DECOUPAGE HEART BOX,1
23638,SET 10 CARDS ROBIN WATERPUMP  17096,1
23604,SET 10 MINI SANTA & SNOWMAN  17087,1
23619,SET 10 CARDS POINSETTIA 17093,1
23612,SET 10 MINICARDS CUTE SNOWMAN 17071,1
90189A,SILVER 2 STRAND NECKLACE-LEAF CHARM,1
90065B,BLACK VINT ART DEC CRYSTAL BRACELET,1
79157B,UBO-LIGHT TRIOBASE BLUE,1
23595,adjustment,1
72783,BLACK SIL'T SQU CANDLE PLATE ,1
23692,WRAP A PRETTY THANK YOU,1
23627,SET 10 CARDS XMAS GRAPHIC  17218,1
17191A,ROSE FLOWER CANDLE+INCENSE 16X16CM,1
23649,SET 10 CARDS DECK THE HALLS 16960,1
23843,"PAPER CRAFT , LITTLE BIRDIE",1
21134,,1
20957,PORCELAIN HANGING BELL SMALL,1
85226A,,1
85044,,1
20950,,1
84670,,1
82615,PINK MARSHMALLOW SCARF KNITTING KIT,1
21268,VINTAGE BLUE TINSEL REEL,1
22275,WEEKEND BAG VINTAGE ROSE PAISLEY,1
16161M,WRAP  PINK FLOCK,1
85036b,CHOCOLATE 1 WICK MORRIS BOX CANDLE,1
72803b,OCEAN SCENT CANDLE JEWELLED DRAWER,1
35951,,1
21653,,1
84963A,PINK PAINTED KASHMIRI CHAIR,1
16169N,WRAP BLUE RUSSIAN FOLKART,1
35597B,BLACKCHRISTMAS TREE 30CM,1
85035c,ROSE 3 WICK MORRIS BOX CANDLE,1
20849,,1
72803B,,1
85018C,,1
62095B,,1
72814,,1
84247C,,1
90042B,,1
84536b,FAIRY CAKES NOTEBOOK A7 SIZE,1
21431,,1
90126A,PINK BERTIE MOBILE PHONE CHARM,1
90078,PINK/WHITE GLASS DEMI CHOKER,1
35832,WOOLLY HAT SOCK GLOVE ADVENT STRING,1
20871,OPULENT VELVET SET/3 CANDLES,1
37503,TEA TIME CAKE STAND IN GIFT BOX,1
90060B,FIRE POLISHED GLASS NECKL GOLD,1
84620,BLUE GINGHAM ROSE CUSHION COVER,1
85031B,BLOSSOM IMAGES SCRAP BOOK SET,1
90142A,GREEN PENDANT SHELL NECKLACE,1
90178B,PURPLE CHUNKY GLASS+BEAD NECKLACE,1
85109,PINK BOUDOIR T-LIGHT HOLDER,1
85160a,WHITE BIRD GARDEN DESIGN MUG,1
m,Manual,1
85035b,CHOCOLATE 3 WICK MORRIS BOX CANDLE,1
84968f,SET OF 16 VINTAGE SKY BLUE CUTLERY,1
79320,FLAMINGO LIGHTS,1
85023C,PINK LARGE JEWELED PHOTOFRAME,1
21589,,1
72038P,damages,1
84546,,1
90092,BLUE CRYSTAL BOOT PHONE CHARM,1
17011A,,1
90037A,TINY CRYSTAL BRACELET RED,1
84455,,1
84967A,,1
84967B,,1
84966B,,1
84966A,,1
DCGS0055,,1
DCGS0072,,1
DCGS0074,,1
20864,,1
21282,,1
21805,,1
22143,,1
35644,,1
35991,,1
84424A,,1
84509F,,1
84526,,1
84664,,1
84964B,,1
85110,,1
85179B,,1
90000C,,1
90095,,1
90091,,1
DCGS0057,,1
17028J,INCENSE BAZAAR PEACH,1
84612B,thrown away,1
35969,,1
84803A,PINK ALLIUM  ARTIFICIAL FLOWER,1
90152C,BLUE/NAT SHELL NECKLACE W PENDANT,1
84596g,SMALL CHOCOLATES PINK BOWL,1
85065,CREAM SWEETHEART TRAYS,1
17001,HEAVENS SCENT FRAGRANCE OILS ASSTD,1
90187A,BLUE DROP EARRINGS W BEAD CLUSTER,1
20738,,1
20689,,1
47563B,,1
37477D,,1
35611B,thrown away,1
72140F,throw away,1
90068,"RUBY GLASS NECKLACE 42""",1
37330,BIG POLKADOT MUG,1
72759,thrown away-can't sell.,1
72732,thrown away-can't sell,1
84559D,,1
35823P,,1
20850,,1
21283,,1
22036,,1
79172D,,1
72800F,,1
72781,,1
35015,,1
72793,,1
72789,,1
85018B,,1
35824B,,1
84726,,1
84875A,,1
84876C,,1
84845D,,1
21274,,1
21474,,1
10134,,1
21511,,1
82545A,,1
84251F,,1
35603B,,1
47502,,1
84007,,1
21337,,1
46037A,,1
84251J,,1
40018F,,1
84864A,,1
21825,,1
10123G,,1
84899F,,1
20863,,1
84839,SWEETHEART KEY CABINET,1
84510e,SET OF 4 GREEN CAROUSEL COASTERS,1
90181C,BLACK GLASS/SHELL/PEARL NECKLACE,1
90135A,ORANGE/FUSCHIA STONES NECKLACE,1
90025B,BAROQUE BUTTERFLY EARRINGS RED,1
90021,LASER CUT MULTI STRAND NECKLACE,1
DCGS0004,HAYNES CAMPER SHOULDER BAG,1
21923,,1
20896,,1
20825,,1
85060,,1
35594,,1
21330,,1
78027,,1
21806,,1
85226C,,1
47591A,,1
37424,,1
90037D,,1
84857A,,1
84482,,1
21854,,1
84705C,PINK FLOCK PHOTO FRAME ,1
23059,Thrown away-rusty,1
90035C,"PEARL & SHELL 42""NECKL. IVORY",1
84661a,WHITE SQUARE TABLE CLOCK,1
90081B,LILY BROOCH WHITE/SILVER COLOUR,1
16053,,1
21310,CAPIZ CHANDELIER,1
84596l,BISCUITS SMALL BOWL LIGHT BLUE,1
90025E,BAROQUE BUTTERFLY EARRINGS MONTANA,1
90102,WHITE FRANGIPANI HAIR CLIP,1
82613a,"METAL SIGN,CUPCAKE SINGLE HOOK",1
90026A,GLASS BEAD HOOP NECKLACE BLACK,1
23001,TRAVEL CARD WALLET DOTCOMGIFTSHOP,1
90046,WHITE WITH METAL BAG CHARM,1
90048,GREEN WITH METAL BAG CHARM,1
44242A,LILAC FEATHERS CURTAIN,1
85036a,GARDENIA 1 WICK MORRIS BOXED CANDLE,1
90126C,AMBER BERTIE MOBILE PHONE CHARM,1
90127A,PINK BEADS+HAND PHONE CHARM,1
37491B,BLUE/YELLOW CERAMIC CANDLE HOLDER,1
37491C,GREEN/BLUE CERAMIC CANDLE HOLDER,1
84797B,,1
DCGS0073,ebay,1
DCGS0071,,1
DCGS0068,ebay,1
DCGS0067,ebay,1
DCGS0066P,,1
21858,,1
21432,,1
77081,,1
21765,,1
84761,,1
21610,,1
37477B,,1
37477C,,1
22016,Dotcomgiftshop Gift Voucher £100.00,1
84963B,BLUE PAINTED KASHMIRI CHAIR,1
84201C,HAPPY BIRTHDAY CARD TEDDY/CAKE,1
90020,FILIGREE DIAMANTE CHAIN,1
35592T,,1
20678,LARGE BLACK DIAMANTE HAIRSLIDE,1
23605,SET 10 CARDS 12 DAYS OF XMAS 17059,1
85115B,S/4 BLACK DISCO PARTITION PANEL,1
84661b,BLACK SQUARE TABLE CLOCK,1
35600A,Found by jackie,1
23628,SET 10 CARDS TRIANGLE ICONS  17220,1
23643,SET 10 CARDS CHRISTMAS BAUBLE 16954,1
46776a,WOVEN BUBBLE GUM CUSHION COVER,1
46776b,WOVEN BERRIES CUSHION COVER ,1
46776e,WOVEN CANDY CUSHION COVER ,1
46776f,WOVEN ROSE GARDEN CUSHION COVER ,1
47593b,SCOTTIE DOGS BABY BIB,1
51014c,"FEATHER PEN,COAL BLACK",1
84031a,CHARLIE+LOLA RED HOT WATER BOTTLE ,1
84031b,CHARLIE LOLA BLUE HOT WATER BOTTLE ,1
90183c,BLACK DROP EARRINGS W LONG BEADS,1
90184c,BLACK CHUNKY BEAD BRACELET W STRAP,1
79323G,"Unsaleable, destroyed.",1
79323GR,"Unsaleable, destroyed.",1
79323LP,"Unsaleable, destroyed.",1
79323S,"Unsaleable, destroyed.",1
79341,"Unsaleable, destroyed.",1
79342B,"Unsaleable, destroyed.",1
47016,LIGHT DECORATION BATTERY OPERATED,1
90069,RUBY GLASS CLUSTER NECKLACE,1
90162A,ANT SILVER TURQUOISE BOUDICCA RING,1
23602,SET 10 CARDS 3 WISE MEN 17107,1
23664,FLOWER SHOP DESIGN MUG,1
23449,SET OF 6 EASTER RAINBOW CHICKS,1
23652,SET 10 CARD CHRISTMAS STAMPS 16963,1
84206B,CAT WITH SUNGLASSES BLANK CARD,1
72802c,VANILLA SCENT CANDLE JEWELLED BOX,1
85049c,ROMANTIC PINKS RIBBONS ,1
84971L,,1
84550,CROCHET LILAC/RED BEAR KEYRING,1
84971l,LARGE HEART FLOWERS HOOK   ,1
85034b,3 WHITE CHOC MORRIS BOXED CANDLES,1
23609,SET 10 CARDS SNOWY ROBIN 17099,1
85179a,GREEN BITTY LIGHT CHAIN,1
23617,SET 10 CARDS SWIRLY XMAS TREE 17104,1
90214U,"LETTER ""U"" BLING KEY RING",1
47591b,SCOTTIES CHILDRENS APRON,1
